Time,CO2
2025-10-15 10:00:00,0.08993428306022466
2025-10-15 10:00:01,0.0772347139765763
2025-10-15 10:00:02,0.09295377076201385
2025-10-15 10:00:03,0.1104605971281605
2025-10-15 10:00:04,0.07531693250553329
2025-10-15 10:00:05,0.0753172608610164
2025-10-15 10:00:06,0.11158425631014783
2025-10-15 10:00:07,0.09534869458305818
2025-10-15 10:00:08,0.07061051228130096
2025-10-15 10:00:09,0.0908512008717193
2025-10-15 10:00:10,0.07073164614375076
2025-10-15 10:00:11,0.07068540492859486
2025-10-15 10:00:12,0.08483924543132068
2025-10-15 10:00:13,0.04173439510684404
2025-10-15 10:00:14,0.04550164334973934
2025-10-15 10:00:15,0.06875424941518055
2025-10-15 10:00:16,0.059743377593311525
2025-10-15 10:00:17,0.08628494665190548
2025-10-15 10:00:18,0.06183951848957578
2025-10-15 10:00:19,0.051753925973294174
2025-10-15 10:00:20,0.10931297537843108
2025-10-15 10:00:21,0.0754844739902693
2025-10-15 10:00:22,0.08135056409375847
2025-10-15 10:00:23,0.051505036275730866
2025-10-15 10:00:24,0.06911234550949635
2025-10-15 10:00:25,0.08221845179419732
2025-10-15 10:00:26,0.056980128451553945
2025-10-15 10:00:27,0.08751396036691345
2025-10-15 10:00:28,0.0679872262016239
2025-10-15 10:00:29,0.07416612500413447
2025-10-15 10:00:30,0.06796586775541207
2025-10-15 10:00:31,0.11704556369017877
2025-10-15 10:00:32,0.07973005550524133
2025-10-15 10:00:33,0.058845781420881996
2025-10-15 10:00:34,0.09645089824206378
2025-10-15 10:00:35,0.05558312700057956
2025-10-15 10:00:36,0.08417727190009511
2025-10-15 10:00:37,0.04080659752240449
2025-10-15 10:00:38,0.053436279022031394
2025-10-15 10:00:39,0.08393722471738248
2025-10-15 10:00:40,0.0947693315999082
2025-10-15 10:00:41,0.08342736562379942
2025-10-15 10:00:42,0.07768703435223519
2025-10-15 10:00:43,0.07397792608821423
2025-10-15 10:00:44,0.05042956019265145
2025-10-15 10:00:45,0.06560311583210583
2025-10-15 10:00:46,0.07078722458080425
2025-10-15 10:00:47,0.10114244452437832
2025-10-15 10:00:48,0.08687236579136923
2025-10-15 10:00:49,0.044739196892745324
2025-10-15 10:00:50,0.0864816793878959
2025-10-15 10:00:51,0.07229835439167367
2025-10-15 10:00:52,0.06646155999388083
2025-10-15 10:00:53,0.09223352577681736
2025-10-15 10:00:54,0.10061999044991903
2025-10-15 10:00:55,0.09862560238232397
2025-10-15 10:00:56,0.06321564953554723
2025-10-15 10:00:57,0.07381575248297571
2025-10-15 10:00:58,0.08662526862807128
2025-10-15 10:00:59,0.09951090254244718
2025-10-15 10:01:00,0.0704165152430942
2025-10-15 10:01:01,0.07628682046672366
2025-10-15 10:01:02,0.057873300519879434
2025-10-15 10:01:03,0.056075867518386585
2025-10-15 10:01:04,0.09625051644788396
2025-10-15 10:01:05,0.10712480057141646
2025-10-15 10:01:06,0.07855979756839332
2025-10-15 10:01:07,0.10007065795784048
2025-10-15 10:01:08,0.08723272050095268
2025-10-15 10:01:09,0.06709760490789751
2025-10-15 10:01:10,0.08722791211016828
2025-10-15 10:01:11,0.11076073132931938
2025-10-15 10:01:12,0.07928347921780098
2025-10-15 10:01:13,0.11129287311628012
2025-10-15 10:01:14,0.02760509791820511
2025-10-15 10:01:15,0.09643805008750447
2025-10-15 10:01:16,0.08174094136476343
2025-10-15 10:01:17,0.07401985299068266
2025-10-15 10:01:18,0.08183521553071005
2025-10-15 10:01:19,0.04024862170798214
2025-10-15 10:01:20,0.07560656224324977
2025-10-15 10:01:21,0.08714225143023493
2025-10-15 10:01:22,0.10955788089483032
2025-10-15 10:01:23,0.06963459563452705
2025-10-15 10:01:24,0.06383012794213624
2025-10-15 10:01:25,0.06996485912830927
2025-10-15 10:01:26,0.09830804235404149
2025-10-15 10:01:27,0.08657502219319368
2025-10-15 10:01:28,0.06940479592465923
2025-10-15 10:01:29,0.09026534866226713
2025-10-15 10:01:30,0.0819415509869608
2025-10-15 10:01:31,0.09937289981065779
2025-10-15 10:01:32,0.06595893812245296
2025-10-15 10:01:33,0.07344675706804464
2025-10-15 10:01:34,0.07215783693735685
2025-10-15 10:01:35,0.05072970103735763
2025-10-15 10:01:36,0.08592240554129152
2025-10-15 10:01:37,0.08522110544359779
2025-10-15 10:01:38,0.08010226913284922
2025-10-15 10:01:39,0.07530825733249706
2025-10-15 10:01:40,0.051692585158991715
2025-10-15 10:01:41,0.07158709354469282
2025-10-15 10:01:42,0.07314570966946461
2025-10-15 10:01:43,0.06395445461556762
2025-10-15 10:01:44,0.07677428576667981
2025-10-15 10:01:45,0.08808101713629077
2025-10-15 10:01:46,0.11772371802421061
2025-10-15 10:01:47,0.08349155625663678
2025-10-15 10:01:48,0.08515100781445528
2025-10-15 10:01:49,0.07851108168467666
2025-10-15 10:01:50,0.04162457569401917
2025-10-15 10:01:51,0.07946972249101567
2025-10-15 10:01:52,0.08120460419882053
2025-10-15 10:01:53,0.12926484224970572
2025-10-15 10:01:54,0.07615278070437755
2025-10-15 10:01:55,0.08603094684667226
2025-10-15 10:01:56,0.07930576460589514
2025-10-15 10:01:57,0.056626439247609364
2025-10-15 10:01:58,0.10285645629030041
2025-10-15 10:01:59,0.09503866065373548
2025-10-15 10:02:00,0.09582063894086094
2025-10-15 10:02:01,0.06181225090410522
2025-10-15 10:02:02,0.10805588621872199
2025-10-15 10:02:03,0.051962978744154384
2025-10-15 10:02:04,0.0917371418760054
2025-10-15 10:02:05,0.12380911251619958
2025-10-15 10:02:06,0.06018927349738623
2025-10-15 10:02:07,0.06867404540794456
2025-10-15 10:02:08,0.08199302730175283
2025-10-15 10:02:09,0.06993048691767602
2025-10-15 10:02:10,0.048986731378677345
2025-10-15 10:02:11,0.08137125949612055
2025-10-15 10:02:12,0.0587539257254779
2025-10-15 10:02:13,0.08947184861270363
2025-10-15 10:02:14,0.06161151531532394
2025-10-15 10:02:15,0.1109986881003508
2025-10-15 10:02:16,0.06433493415327526
2025-10-15 10:02:17,0.0735587696758865
2025-10-15 10:02:18,0.0962703443473934
2025-10-15 10:02:19,0.0553827136713209
2025-10-15 10:02:20,0.08454919869208259
2025-10-15 10:02:21,0.10614285508564857
2025-10-15 10:02:22,0.04785033530877545
2025-10-15 10:02:23,0.08369267717064609
2025-10-15 10:02:24,0.08519765588496847
2025-10-15 10:02:25,0.0956364574355462
2025-10-15 10:02:26,0.05526098578243836
2025-10-15 10:02:27,0.05359086773831448
2025-10-15 10:02:28,0.09043883131233796
2025-10-15 10:02:29,0.08593969346466372
2025-10-15 10:02:30,0.08500985700691753
2025-10-15 10:02:31,0.08692896418993952
2025-10-15 10:02:32,0.06639950556843019
2025-10-15 10:02:33,0.08464507394322007
2025-10-15 10:02:34,0.08586144946597363
2025-10-15 10:02:35,0.06571297163947265
2025-10-15 10:02:36,0.11731549022289514
2025-10-15 10:02:37,0.08947665841823575
2025-10-15 10:02:38,0.05617393005594703
2025-10-15 10:02:39,0.09313107217267659
2025-10-15 10:02:40,0.06050636659545357
2025-10-15 10:02:41,0.09574169207484905
2025-10-15 10:02:42,0.10317191158014809
2025-10-15 10:02:43,0.06358635363296579
2025-10-15 10:02:44,0.09926752258488644
2025-10-15 10:02:45,0.08825561853872997
2025-10-15 10:02:46,0.0964412031998898
2025-10-15 10:02:47,0.11793585965307896
2025-10-15 10:02:48,0.0750922376799426
2025-10-15 10:02:49,0.06492527671285021
2025-10-15 10:02:50,0.062209711407489536
2025-10-15 10:02:51,0.06368379430069124
2025-10-15 10:02:52,0.07845796581171792
2025-10-15 10:02:53,0.08682303949633288
2025-10-15 10:02:54,0.08553381598660038
2025-10-15 10:02:55,0.09654366498072048
2025-10-15 10:02:56,0.08026003783755814
2025-10-15 10:02:57,0.10907068154314634
2025-10-15 10:02:58,0.07470686333524088
2025-10-15 10:02:59,0.1344033833317924
2025-10-15 10:03:00,0.09251334695530013
2025-10-15 10:03:01,0.06285684887167435
2025-10-15 10:03:02,0.05858215003877776
2025-10-15 10:03:03,0.08964944830486371
2025-10-15 10:03:04,0.07553074429348298
2025-10-15 10:03:05,0.09428000988184185
2025-10-15 10:03:06,0.0894647524914709
2025-10-15 10:03:07,0.07854342174686255
2025-10-15 10:03:08,0.0630641256386319
2025-10-15 10:03:09,0.049703055506282706
2025-10-15 10:03:10,0.07106970095865958
2025-10-15 10:03:11,0.09712797588646944
2025-10-15 10:03:12,0.08428187488260408
2025-10-15 10:03:13,0.05508522442576024
2025-10-15 10:03:14,0.08346361851702364
2025-10-15 10:03:15,0.08770634759457674
2025-10-15 10:03:16,0.06232285127597734
2025-10-15 10:03:17,0.08307450211891056
2025-10-15 10:03:18,0.08116417436892
2025-10-15 10:03:19,0.05714059404338754
2025-10-15 10:03:20,0.08715574720696567
2025-10-15 10:03:21,0.0912156905273647
2025-10-15 10:03:22,0.10166102486350555
2025-10-15 10:03:23,0.10107604104069806
2025-10-15 10:03:24,0.052446612640858176
2025-10-15 10:03:25,0.06124349920169754
2025-10-15 10:03:26,0.0903007053441732
2025-10-15 10:03:27,0.09027571901824417
2025-10-15 10:03:28,0.09030095372612096
2025-10-15 10:03:29,0.15705462981309443
2025-10-15 10:03:30,0.09141781021386335
2025-10-15 10:03:31,0.10271131280361198
2025-10-15 10:03:32,0.09908003526986404
2025-10-15 10:03:33,0.09302782502611597
2025-10-15 10:03:34,0.07369461510719309
2025-10-15 10:03:35,0.09517938440986536
2025-10-15 10:03:36,0.06454349570924857
2025-10-15 10:03:37,0.07526362786519983
2025-10-15 10:03:38,0.07029272904341793
2025-10-15 10:03:39,0.08163748278772645
2025-10-15 10:03:40,0.12629317133347018
2025-10-15 10:03:41,0.04265469614816504
2025-10-15 10:03:42,0.09372520380749028
2025-10-15 10:03:43,0.04774568257620697
2025-10-15 10:03:44,0.07056136268421133
2025-10-15 10:03:45,0.10177901193934732
2025-10-15 10:03:46,0.08128560038190925
2025-10-15 10:03:47,0.058445104441413875
2025-10-15 10:03:48,0.06569392581480063
2025-10-15 10:03:49,0.09359195497869352
2025-10-15 10:03:50,0.06539266736565727
2025-10-15 10:03:51,0.0843291717916395
2025-10-15 10:03:52,0.08091143679807627
2025-10-15 10:03:53,0.06696799304788366
2025-10-15 10:03:54,0.12287888178650652
2025-10-15 10:03:55,0.09267838044636023
2025-10-15 10:03:56,0.03949714826684786
2025-10-15 10:03:57,0.08372908629538856
2025-10-15 10:03:58,0.06676427070463224
2025-10-15 10:03:59,0.09704866669592448
2025-10-15 10:04:00,0.06414958523134599
2025-10-15 10:04:01,0.07770527117066202
2025-10-15 10:04:02,0.09009974557960915
2025-10-15 10:04:03,0.09731510388340243
2025-10-15 10:04:04,0.05599407185888448
2025-10-15 10:04:05,0.07330997528318103
2025-10-15 10:04:06,0.07050109377678088
2025-10-15 10:04:07,0.06693341534852576
2025-10-15 10:04:08,0.11530908480562194
2025-10-15 10:04:09,0.08809963421921911
2025-10-15 10:04:10,0.0547823209132991
2025-10-15 10:04:11,0.09835723894109552
2025-10-15 10:04:12,0.12244312394025267
2025-10-15 10:04:13,0.10064930521102294
2025-10-15 10:04:14,0.04961260068091973
2025-10-15 10:04:15,0.07031531854267498
2025-10-15 10:04:16,0.10533822298373245
2025-10-15 10:04:17,0.06584661068762439
2025-10-15 10:04:18,0.08887638856292457
2025-10-15 10:04:19,0.09549268106858674
2025-10-15 10:04:20,0.06146139056843834
2025-10-15 10:04:21,0.078809492878764
2025-10-15 10:04:22,0.015174653198618548
2025-10-15 10:04:23,0.0595122471733142
2025-10-15 10:04:24,0.0749486369721368
2025-10-15 10:04:25,0.05504433636070301
2025-10-15 10:04:26,0.1126482260786327
2025-10-15 10:04:27,0.05139717244078735
2025-10-15 10:04:28,0.07119911026606032
2025-10-15 10:04:29,0.08261481154572183
2025-10-15 10:04:30,0.10882546578132231
2025-10-15 10:04:31,0.051282756976411215
2025-10-15 10:04:32,0.10326327504309919
2025-10-15 10:04:33,0.08020466122039174
2025-10-15 10:04:34,0.06036982697904098
2025-10-15 10:04:35,0.08924206948526542
2025-10-15 10:04:36,0.08398119391146941
2025-10-15 10:04:37,0.0679956624568241
2025-10-15 10:04:38,0.08139604169980039
2025-10-15 10:04:39,0.0722937280627648
2025-10-15 10:04:40,0.08227034690502497
2025-10-15 10:04:41,0.09324261349042093
2025-10-15 10:04:42,0.11172033632290704
2025-10-15 10:04:43,0.05524369002346302
2025-10-15 10:04:44,0.12266066749312533
2025-10-15 10:04:45,0.04095824400954996
2025-10-15 10:04:46,0.07696429809928834
2025-10-15 10:04:47,0.09176634412969153
2025-10-15 10:04:48,0.08561983735470066
2025-10-15 10:04:49,0.06754600960358813
2025-10-15 10:04:50,0.0758375549928545
2025-10-15 10:04:51,0.07013998130682335
2025-10-15 10:04:52,0.06821270486111577
2025-10-15 10:04:53,0.09699204194042049
2025-10-15 10:04:54,0.08714030971930095
2025-10-15 10:04:55,0.06614180809478692
2025-10-15 10:04:56,0.09799199750866502
2025-10-15 10:04:57,0.08614599041753218
2025-10-15 10:04:58,0.09625724237677921
2025-10-15 10:04:59,0.09259257683847225
2025-10-15 10:05:00,0.06342009978155855
2025-10-15 10:05:01,0.0687963791960606
2025-10-15 10:05:02,0.09494587210246525
2025-10-15 10:05:03,0.0922074053086693
2025-10-15 10:05:04,0.07958196812071704
2025-10-15 10:05:05,0.08234654766617563
2025-10-15 10:05:06,0.10555329791576851
2025-10-15 10:05:07,0.0681685722232834
2025-10-15 10:05:08,0.09094194762340076
2025-10-15 10:05:09,0.07595614695132212
2025-10-15 10:05:10,0.07564637593545559
2025-10-15 10:05:11,0.1019755370397438
2025-10-15 10:05:12,0.0965083269797606
2025-10-15 10:05:13,0.09627019272001278
2025-10-15 10:05:14,0.10610957614308658
2025-10-15 10:05:15,0.08042007683265519
2025-10-15 10:05:16,0.09363905942589928
2025-10-15 10:05:17,0.07379466486813088
2025-10-15 10:05:18,0.08648332704976884
2025-10-15 10:05:19,0.07739713891264631
2025-10-15 10:05:20,0.08193991929985436
2025-10-15 10:05:21,0.09190314050873827
2025-10-15 10:05:22,0.06363558633533055
2025-10-15 10:05:23,0.12184774551370921
2025-10-15 10:05:24,0.05987965237000596
2025-10-15 10:05:25,0.05571622774424535
2025-10-15 10:05:26,0.10316221747000136
2025-10-15 10:05:27,0.09583325387925871
2025-10-15 10:05:28,0.0924823963410431
2025-10-15 10:05:29,0.0925669101852856
2025-10-15 10:05:30,0.07975506454306171
2025-10-15 10:05:31,0.062054912570283366
2025-10-15 10:05:32,0.08151609116387452
2025-10-15 10:05:33,0.06645676576975777
2025-10-15 10:05:34,0.09950239466835503
2025-10-15 10:05:35,0.07705885236995723
2025-10-15 10:05:36,0.06349005606414977
2025-10-15 10:05:37,0.07357228316694013
2025-10-15 10:05:38,0.08825862908551249
2025-10-15 10:05:39,0.0687255089439205
2025-10-15 10:05:40,0.06355559208867137
2025-10-15 10:05:41,0.08487374422983825
2025-10-15 10:05:42,0.08489933142217446
2025-10-15 10:05:43,0.06986113649257741
2025-10-15 10:05:44,0.07057923388763354
2025-10-15 10:05:45,0.08464099874715272
2025-10-15 10:05:46,0.051038313170053515
2025-10-15 10:05:47,0.0518507245124689
2025-10-15 10:05:48,0.06563111557495128
2025-10-15 10:05:49,0.07573105696576306
2025-10-15 10:05:50,0.08621815131196009
2025-10-15 10:05:51,0.10950712433899104
2025-10-15 10:05:52,0.09715319246404039
2025-10-15 10:05:53,0.07680122940073146
2025-10-15 10:05:54,0.07961967584194622
2025-10-15 10:05:55,0.05994941270724383
2025-10-15 10:05:56,0.0796297372801522
2025-10-15 10:05:57,0.07422682722159724
2025-10-15 10:05:58,0.08645437120676179
2025-10-15 10:05:59,0.06345538112895355
2025-10-15 10:06:00,0.09038693028482345
2025-10-15 10:06:01,0.11065477826005156
2025-10-15 10:06:02,0.07782479703086286
2025-10-15 10:06:03,0.08803423444197883
2025-10-15 10:06:04,0.09380287983422225
2025-10-15 10:06:05,0.07197559056228328
2025-10-15 10:06:06,0.08448184963620833
2025-10-15 10:06:07,0.0802518480156359
2025-10-15 10:06:08,0.08195352197097663
2025-10-15 10:06:09,0.06453980432289066
2025-10-15 10:06:10,0.08049020348517885
2025-10-15 10:06:11,0.08995996582490899
2025-10-15 10:06:12,0.10902287215590084
2025-10-15 10:06:13,0.09918541652170414
2025-10-15 10:06:14,0.12306364915023113
2025-10-15 10:06:15,0.06465304874223901
2025-10-15 10:06:16,0.09744641273441357
2025-10-15 10:06:17,0.08366684011476704
2025-10-15 10:06:18,0.12379605866435345
2025-10-15 10:06:19,0.06383403429289697
2025-10-15 10:06:20,0.06320556315638448
2025-10-15 10:06:21,0.06801214709111955
2025-10-15 10:06:22,0.037522085513803864
2025-10-15 10:06:23,0.06948489956638478
2025-10-15 10:06:24,0.06481734676892605
2025-10-15 10:06:25,0.08300787572952416
2025-10-15 10:06:26,0.0868351195155432
2025-10-15 10:06:27,0.11752341678431773
2025-10-15 10:06:28,0.09900847676372102
2025-10-15 10:06:29,0.06846192688675194
2025-10-15 10:06:30,0.06203170657303284
2025-10-15 10:06:31,0.08983838343013012
2025-10-15 10:06:32,0.05359533585958716
2025-10-15 10:06:33,0.11662917531708708
2025-10-15 10:06:34,0.10358880241442574
2025-10-15 10:06:35,0.0706164869579059
2025-10-15 10:06:36,0.04573730941818245
2025-10-15 10:06:37,0.10707744748330826
2025-10-15 10:06:38,0.07770920309494764
2025-10-15 10:06:39,0.10475632623946923
2025-10-15 10:06:40,0.04811144682411266
2025-10-15 10:06:41,0.06801249954092455
2025-10-15 10:06:42,0.08010487399436367
2025-10-15 10:06:43,0.08093961187529485
2025-10-15 10:06:44,0.07099869057041513
2025-10-15 10:06:45,0.09245699864694998
2025-10-15 10:06:46,0.05864759141234811
2025-10-15 10:06:47,0.07715241029957413
2025-10-15 10:06:48,0.08240591263423798
2025-10-15 10:06:49,0.09028877668117498
2025-10-15 10:06:50,0.0942322975617778
2025-10-15 10:06:51,0.05750715816324262
2025-10-15 10:06:52,0.04931771658528755
2025-10-15 10:06:53,0.10555353643797019
2025-10-15 10:06:54,0.08664628023959184
2025-10-15 10:06:55,0.06503026926886893
2025-10-15 10:06:56,0.11102303951045046
2025-10-15 10:06:57,0.08231349268585718
2025-10-15 10:06:58,0.10358594368127653
2025-10-15 10:06:59,0.08135036962820218
2025-10-15 10:07:00,0.12121495849763975
2025-10-15 10:07:01,0.11510681684886409
2025-10-15 10:07:02,0.07502071703041853
2025-10-15 10:07:03,0.09943141901908711
2025-10-15 10:07:04,0.09290751899170295
2025-10-15 10:07:05,0.10737263115064698
2025-10-15 10:07:06,0.06070153078839791
2025-10-15 10:07:07,0.09372102919996879
2025-10-15 10:07:08,0.10116848973699176
2025-10-15 10:07:09,0.04482521027153771
2025-10-15 10:07:10,0.056334829746684495
2025-10-15 10:07:11,0.03921535644479799
2025-10-15 10:07:12,0.07461186331110885
2025-10-15 10:07:13,0.09435084511591925
2025-10-15 10:07:14,0.11004714104192057
2025-10-15 10:07:15,0.0814818956083955
2025-10-15 10:07:16,0.11257231091142583
2025-10-15 10:07:17,0.052397970835702176
2025-10-15 10:07:18,0.045932351212896905
2025-10-15 10:07:19,0.07888904602206763
2025-10-15 10:07:20,0.08768130897878615
2025-10-15 10:07:21,0.07934610503811813
2025-10-15 10:07:22,0.03865115799920247
2025-10-15 10:07:23,0.07821759920974423
2025-10-15 10:07:24,0.053910609989902936
2025-10-15 10:07:25,0.09339345097660078
2025-10-15 10:07:26,0.08733196492193697
2025-10-15 10:07:27,0.0612024042734529
2025-10-15 10:07:28,0.06972266165326613
2025-10-15 10:07:29,0.05881572956222097
2025-10-15 10:07:30,0.07874641805453657
2025-10-15 10:07:31,0.09910284641002477
2025-10-15 10:07:32,0.06028547907328913
2025-10-15 10:07:33,0.09008093031035688
2025-10-15 10:07:34,0.06939484763255119
2025-10-15 10:07:35,0.06414254335475311
2025-10-15 10:07:36,0.07785939280090884
2025-10-15 10:07:37,0.05929515355161252
2025-10-15 10:07:38,0.06892701389305636
2025-10-15 10:07:39,0.05604244214822303
2025-10-15 10:07:40,0.11929450265832778
2025-10-15 10:07:41,0.08070527103943458
2025-10-15 10:07:42,0.06600548984014828
2025-10-15 10:07:43,0.08427959821468445
2025-10-15 10:07:44,0.07775343900618341
2025-10-15 10:07:45,0.07558060800933554
2025-10-15 10:07:46,0.09228333400086851
2025-10-15 10:07:47,0.09515015420094611
2025-10-15 10:07:48,0.06938997704778946
2025-10-15 10:07:49,0.0684836351871064
2025-10-15 10:07:50,0.07449896605696713
2025-10-15 10:07:51,0.03396157670528831
2025-10-15 10:07:52,0.049696178756028955
2025-10-15 10:07:53,0.1073374853488905
2025-10-15 10:07:54,0.11289935427002568
2025-10-15 10:07:55,0.07501927920887244
2025-10-15 10:07:56,0.09153113926111534
2025-10-15 10:07:57,0.08622500309087072
2025-10-15 10:07:58,0.14157761616910475
2025-10-15 10:07:59,0.10239149822869154
2025-10-15 10:08:00,0.07744164817038467
2025-10-15 10:08:01,0.060889191187991486
2025-10-15 10:08:02,0.04787107359484855
2025-10-15 10:08:03,0.08406927271734446
2025-10-15 10:08:04,0.06487298509431394
2025-10-15 10:08:05,0.05155492580804652
2025-10-15 10:08:06,0.06706854231514947
2025-10-15 10:08:07,0.0583690399277121
2025-10-15 10:08:08,0.1137428327014513
2025-10-15 10:08:09,0.09763279513898901
2025-10-15 10:08:10,0.07984054717366765
2025-10-15 10:08:11,0.10959888277780053
2025-10-15 10:08:12,0.08154736615295237
2025-10-15 10:08:13,0.06277431597343473
2025-10-15 10:08:14,0.11046248154539315
2025-10-15 10:08:15,0.09077820087369318
2025-10-15 10:08:16,0.05925507691347087
2025-10-15 10:08:17,0.07619322643832784
2025-10-15 10:08:18,0.06248763493230486
2025-10-15 10:08:19,0.05234400538071328
2025-10-15 10:08:20,0.1755706528518985
2025-10-15 10:08:21,0.23456499842820783
2025-10-15 10:08:22,0.03608594557085153
2025-10-15 10:08:23,0.15377815420143426
2025-10-15 10:08:24,0.08096144585269038
2025-10-15 10:08:25,0.09077247697411824
2025-10-15 10:08:26,0.08445636454566785
2025-10-15 10:08:27,0.06816055381921104
2025-10-15 10:08:28,0.12291129767668961
2025-10-15 10:08:29,0.07014299301533773
2025-10-15 10:08:30,0.13622740954679033
2025-10-15 10:08:31,0.11698571343305178
2025-10-15 10:08:32,0.10566311718801541
2025-10-15 10:08:33,0.06554618027750413
2025-10-15 10:08:34,0.08539372016590002
2025-10-15 10:08:35,0.16532347354954535
2025-10-15 10:08:36,0.15005503125746283
2025-10-15 10:08:37,0.06134668531208694
2025-10-15 10:08:38,0.12595993832575356
2025-10-15 10:08:39,0.16508322740230735
2025-10-15 10:08:40,0.01983568313271769
2025-10-15 10:08:41,0.1526016115427961
2025-10-15 10:08:42,0.0802425744632492
2025-10-15 10:08:43,0.15423592011558956
2025-10-15 10:08:44,0.07420445060744899
2025-10-15 10:08:45,0.011707073960128864
2025-10-15 10:08:46,0.022347453727010233
2025-10-15 10:08:47,0.12288509679968292
2025-10-15 10:08:48,0.1355833501032889
2025-10-15 10:08:49,0.06574100249373549
2025-10-15 10:08:50,0.15831554752664243
2025-10-15 10:08:51,0.020308796263862408
2025-10-15 10:08:52,0.11603521208116101
2025-10-15 10:08:53,0.047339028014252604
2025-10-15 10:08:54,0.08088983353187044
2025-10-15 10:08:55,0.12284392027898483
2025-10-15 10:08:56,0.06837519808296286
2025-10-15 10:08:57,0.09692666734621047
2025-10-15 10:08:58,0.18037756855286644
2025-10-15 10:08:59,0.08538648782861108
2025-10-15 10:09:00,0.1701415267239085
2025-10-15 10:09:01,0.05221758872054291
2025-10-15 10:09:02,0.15178825067491697
2025-10-15 10:09:03,0.20649411723947403
2025-10-15 10:09:04,0.0
2025-10-15 10:09:05,0.07218628467177139
2025-10-15 10:09:06,0.1546243276308324
2025-10-15 10:09:07,0.10781727683742043
2025-10-15 10:09:08,0.14226875240227851
2025-10-15 10:09:09,0.08376088879705076
2025-10-15 10:09:10,0.12519538724837398
2025-10-15 10:09:11,0.11065936587647522
2025-10-15 10:09:12,0.19006692369958844
2025-10-15 10:09:13,0.1352652505980728
2025-10-15 10:09:14,0.14025615972451214
2025-10-15 10:09:15,0.09528738203265195
2025-10-15 10:09:16,0.09074362655565038
2025-10-15 10:09:17,0.09404650873082274
2025-10-15 10:09:18,0.1436671285426978
2025-10-15 10:09:19,0.09474093115078422
2025-10-15 10:09:20,0.13738649141378478
2025-10-15 10:09:21,0.24452404791872634
2025-10-15 10:09:22,0.17226748220590155
2025-10-15 10:09:23,0.10043858806992953
2025-10-15 10:09:24,0.19207283532983668
2025-10-15 10:09:25,0.0955154776187069
2025-10-15 10:09:26,0.0
2025-10-15 10:09:27,0.059514821344955754
2025-10-15 10:09:28,0.007752484738448653
2025-10-15 10:09:29,0.09890919095752147
2025-10-15 10:09:30,0.1211051027513731
2025-10-15 10:09:31,0.22058623873651695
2025-10-15 10:09:32,0.13961564242584976
2025-10-15 10:09:33,0.10685396827146815
2025-10-15 10:09:34,0.16976433487100934
2025-10-15 10:09:35,0.0
2025-10-15 10:09:36,0.13413687348651396
2025-10-15 10:09:37,0.166251911633218
2025-10-15 10:09:38,0.03128482525320951
2025-10-15 10:09:39,0.18862524259241575
2025-10-15 10:09:40,0.14030978444966485
2025-10-15 10:09:41,0.09508272516595193
2025-10-15 10:09:42,0.15796691196637708
2025-10-15 10:09:43,0.25624157146826376
2025-10-15 10:09:44,0.1309119753035097
2025-10-15 10:09:45,0.13489323517802015
2025-10-15 10:09:46,0.09243834602758536
2025-10-15 10:09:47,0.0690093378321125
2025-10-15 10:09:48,0.16982014899265474
2025-10-15 10:09:49,0.06863497044546796
2025-10-15 10:09:50,0.12429397423316355
2025-10-15 10:09:51,0.091340553194093
2025-10-15 10:09:52,0.1487387895447835
2025-10-15 10:09:53,0.1400197263172169
2025-10-15 10:09:54,0.18225239665547394
2025-10-15 10:09:55,0.08939901606871517
2025-10-15 10:09:56,0.10380750388239772
2025-10-15 10:09:57,0.061274177053061554
2025-10-15 10:09:58,0.0933424043954333
2025-10-15 10:09:59,0.14263802958269112
2025-10-15 10:10:00,0.16541931699872112
2025-10-15 10:10:01,0.06467008054934248
2025-10-15 10:10:02,0.17217635520633962
2025-10-15 10:10:03,0.20133827152829703
2025-10-15 10:10:04,0.14480609419342205
2025-10-15 10:10:05,0.23260774875348394
2025-10-15 10:10:06,0.07357264805378562
2025-10-15 10:10:07,0.04532071780131498
2025-10-15 10:10:08,0.013276785065743285
2025-10-15 10:10:09,0.20976265868935096
2025-10-15 10:10:10,0.15926193938124344
2025-10-15 10:10:11,0.11666491974537269
2025-10-15 10:10:12,0.13679811757918922
2025-10-15 10:10:13,0.05247065716209741
2025-10-15 10:10:14,0.26674511877700957
2025-10-15 10:10:15,0.12775327091851366
2025-10-15 10:10:16,0.12656368767629356
2025-10-15 10:10:17,0.1635459974339215
2025-10-15 10:10:18,0.14886055390420277
2025-10-15 10:10:19,0.1334330414567479
2025-10-15 10:10:20,0.07257153267328129
2025-10-15 10:10:21,0.14828810142815974
2025-10-15 10:10:22,0.232921469788502
2025-10-15 10:10:23,0.20072520276929867
2025-10-15 10:10:24,0.21559119759836382
2025-10-15 10:10:25,0.08932705941412888
2025-10-15 10:10:26,0.06062371078448515
2025-10-15 10:10:27,0.11245278479402111
2025-10-15 10:10:28,0.12334349473732167
2025-10-15 10:10:29,0.1856514911082569
2025-10-15 10:10:30,0.01845212221711083
2025-10-15 10:10:31,0.2117730191676368
2025-10-15 10:10:32,0.11051952608526062
2025-10-15 10:10:33,0.09438713580315479
2025-10-15 10:10:34,0.059273737484389945
2025-10-15 10:10:35,0.020708599688053844
2025-10-15 10:10:36,0.16939023503771486
2025-10-15 10:10:37,0.12439907803130423
2025-10-15 10:10:38,0.042602346015536766
2025-10-15 10:10:39,0.042295273676183034
2025-10-15 10:10:40,0.0998529180425923
2025-10-15 10:10:41,0.22014129151736356
2025-10-15 10:10:42,0.1044245189181837
2025-10-15 10:10:43,0.02981142281291363
2025-10-15 10:10:44,0.10525541615484334
2025-10-15 10:10:45,0.10363658581513976
2025-10-15 10:10:46,0.0
2025-10-15 10:10:47,0.11674230800893126
2025-10-15 10:10:48,0.10614392818747932
2025-10-15 10:10:49,0.1617723818888051
2025-10-15 10:10:50,0.2309373656967207
2025-10-15 10:10:51,0.18759390177286545
2025-10-15 10:10:52,0.10386667856671017
2025-10-15 10:10:53,0.05360844547549978
2025-10-15 10:10:54,0.2744015881949916
2025-10-15 10:10:55,0.12355310604086929
2025-10-15 10:10:56,0.12083575751477676
2025-10-15 10:10:57,0.1185524947733998
2025-10-15 10:10:58,0.1318850856460713
2025-10-15 10:10:59,0.11133837528456345
2025-10-15 10:11:00,0.08558027958718582
2025-10-15 10:11:01,0.08718846352557647
2025-10-15 10:11:02,0.1180348037870401
2025-10-15 10:11:03,0.0873945137319741
2025-10-15 10:11:04,0.07722925303937014
2025-10-15 10:11:05,0.1263858136615138
2025-10-15 10:11:06,0.10470136695474869
2025-10-15 10:11:07,0.2102395793149613
2025-10-15 10:11:08,0.0
2025-10-15 10:11:09,0.1854904111153477
2025-10-15 10:11:10,0.19476511154985773
2025-10-15 10:11:11,0.0
2025-10-15 10:11:12,0.09943874435517908
2025-10-15 10:11:13,0.09771354804025251
2025-10-15 10:11:14,0.035549298316930725
2025-10-15 10:11:15,0.07333099874454749
2025-10-15 10:11:16,0.05336544927205027
2025-10-15 10:11:17,0.22513622660541735
2025-10-15 10:11:18,0.17614070358884765
2025-10-15 10:11:19,0.19629330569964953
2025-10-15 10:11:20,0.1633003238425941
2025-10-15 10:11:21,0.05225689372696625
2025-10-15 10:11:22,0.08852878402321357
2025-10-15 10:11:23,0.14936247367367508
2025-10-15 10:11:24,0.04667233146648328
2025-10-15 10:11:25,0.1627799058103433
2025-10-15 10:11:26,0.1055804761105119
2025-10-15 10:11:27,0.09751075154702414
2025-10-15 10:11:28,0.16265759809220948
2025-10-15 10:11:29,0.14665579868916237
2025-10-15 10:11:30,0.0983420300508552
2025-10-15 10:11:31,0.18955978820185487
2025-10-15 10:11:32,0.05513620034400615
2025-10-15 10:11:33,0.15695613641665582
2025-10-15 10:11:34,0.15558607547810302
2025-10-15 10:11:35,0.10142721364116059
2025-10-15 10:11:36,0.13956798133452708
2025-10-15 10:11:37,0.04493318541688182
2025-10-15 10:11:38,0.17544162115241405
2025-10-15 10:11:39,0.10890587181342065
2025-10-15 10:11:40,0.08863661876885762
2025-10-15 10:11:41,0.18294055355021335
2025-10-15 10:11:42,0.07773937856743444
2025-10-15 10:11:43,0.03549232221818642
2025-10-15 10:11:44,0.026602249588565774
2025-10-15 10:11:45,0.15636059708073838
2025-10-15 10:11:46,0.04317423885022301
2025-10-15 10:11:47,0.2252876509190619
2025-10-15 10:11:48,0.0
2025-10-15 10:11:49,0.22178738209740229
2025-10-15 10:11:50,0.13266104803215711
2025-10-15 10:11:51,0.11419721328777645
2025-10-15 10:11:52,0.08730485479146302
2025-10-15 10:11:53,0.14394816686112424
2025-10-15 10:11:54,0.11774191785450909
2025-10-15 10:11:55,0.18619811292099128
2025-10-15 10:11:56,0.12685365891972236
2025-10-15 10:11:57,0.12901810568771266
2025-10-15 10:11:58,0.09818326726716864
2025-10-15 10:11:59,0.11658326257673594
2025-10-15 10:12:00,0.13846810613352356
2025-10-15 10:12:01,0.01738989644060246
2025-10-15 10:12:02,0.039108874673657215
2025-10-15 10:12:03,0.1645958456413629
2025-10-15 10:12:04,0.1302519262876765
2025-10-15 10:12:05,0.10896099981883925
2025-10-15 10:12:06,0.12110603598392358
2025-10-15 10:12:07,0.14085490232170025
2025-10-15 10:12:08,0.08761441918143831
2025-10-15 10:12:09,0.07330171647586123
2025-10-15 10:12:10,0.13175071530586088
2025-10-15 10:12:11,0.061297633343098075
2025-10-15 10:12:12,0.1444951653428683
2025-10-15 10:12:13,0.01784498374572957
2025-10-15 10:12:14,0.18174933823953862
2025-10-15 10:12:15,0.14835584894478257
2025-10-15 10:12:16,0.13536178405883253
2025-10-15 10:12:17,0.17896145903673083
2025-10-15 10:12:18,0.2199284666677546
2025-10-15 10:12:19,0.18086220390108781
2025-10-15 10:12:20,0.00954754612010128
2025-10-15 10:12:21,0.0432253819958579
2025-10-15 10:12:22,0.08251088533825926
2025-10-15 10:12:23,0.12156546301265002
2025-10-15 10:12:24,0.15105954122814738
2025-10-15 10:12:25,0.07645537121079206
2025-10-15 10:12:26,0.1312060058686247
2025-10-15 10:12:27,0.07467702405880064
2025-10-15 10:12:28,0.0833089318204831
2025-10-15 10:12:29,0.03560033418910666
2025-10-15 10:12:30,0.06460600523334574
2025-10-15 10:12:31,0.038898923663019974
2025-10-15 10:12:32,0.06144760482136003
2025-10-15 10:12:33,0.18321850779647036
2025-10-15 10:12:34,0.06303606667008341
2025-10-15 10:12:35,0.27794292389024344
2025-10-15 10:12:36,0.14959907405285336
2025-10-15 10:12:37,0.13109016742169244
2025-10-15 10:12:38,0.06849853318912719
2025-10-15 10:12:39,0.16201859276453948
2025-10-15 10:12:40,0.08546173042573356
2025-10-15 10:12:41,0.1273205888787217
2025-10-15 10:12:42,0.2736050722961277
2025-10-15 10:12:43,0.114236406016521
2025-10-15 10:12:44,0.18895639957714055
2025-10-15 10:12:45,0.07780941449244674
2025-10-15 10:12:46,0.11790069057018229
2025-10-15 10:12:47,0.2262480381381306
2025-10-15 10:12:48,0.08238197653273395
2025-10-15 10:12:49,0.2287469134798157
2025-10-15 10:12:50,0.16246511612732853
2025-10-15 10:12:51,0.08625199344634393
2025-10-15 10:12:52,0.15794446434333126
2025-10-15 10:12:53,0.17835326697760379
2025-10-15 10:12:54,0.1573085977330318
2025-10-15 10:12:55,0.02578651680657261
2025-10-15 10:12:56,0.07637176945050789
2025-10-15 10:12:57,0.10514888186690971
2025-10-15 10:12:58,0.11553399425399721
2025-10-15 10:12:59,0.15724032585304068
2025-10-15 10:13:00,0.13066206005599523
2025-10-15 10:13:01,0.039879338477393916
2025-10-15 10:13:02,0.14281187106035778
2025-10-15 10:13:03,0.15663514471702938
2025-10-15 10:13:04,0.15358742687586238
2025-10-15 10:13:05,0.1848468435332773
2025-10-15 10:13:06,0.17003532927293424
2025-10-15 10:13:07,0.1475508047537062
2025-10-15 10:13:08,0.11579005731248117
2025-10-15 10:13:09,0.020342343989040515
2025-10-15 10:13:10,0.14577709314795514
2025-10-15 10:13:11,0.13246126122978666
2025-10-15 10:13:12,0.1362947302317224
2025-10-15 10:13:13,0.043395085450781426
2025-10-15 10:13:14,0.05513660757550426
2025-10-15 10:13:15,0.1831891711999742
2025-10-15 10:13:16,0.11762669076860069
2025-10-15 10:13:17,0.16089004184235745
2025-10-15 10:13:18,0.12169910256782766
2025-10-15 10:13:19,0.12178536836974471
2025-10-15 10:13:20,0.39074257089639963
2025-10-15 10:13:21,0.17259329076739394
2025-10-15 10:13:22,0.2644181165411475
2025-10-15 10:13:23,0.18065870669424364
2025-10-15 10:13:24,0.18482556588515267
2025-10-15 10:13:25,0.2036241814797041
2025-10-15 10:13:26,0.2833200657450569
2025-10-15 10:13:27,0.1781877067504784
2025-10-15 10:13:28,0.43836341883602814
2025-10-15 10:13:29,0.11580890466707441
2025-10-15 10:13:30,0.22196925337579615
2025-10-15 10:13:31,0.18404034125887375
2025-10-15 10:13:32,0.46704668265305993
2025-10-15 10:13:33,1.0118263124935063
2025-10-15 10:13:34,0.40477668092029523
2025-10-15 10:13:35,0.7983594535955707
2025-10-15 10:13:36,0.29005753988038885
2025-10-15 10:13:37,0.3834446193435156
2025-10-15 10:13:38,0.26234259839131363
2025-10-15 10:13:39,0.40982205625980267
2025-10-15 10:13:40,0.17240673248494418
2025-10-15 10:13:41,0.461402116027837
2025-10-15 10:13:42,0.5948347185428875
2025-10-15 10:13:43,0.19557421593405114
2025-10-15 10:13:44,0.18317462178988425
2025-10-15 10:13:45,0.4680076715676551
2025-10-15 10:13:46,0.4869358218596068
2025-10-15 10:13:47,0.6424082468754702
2025-10-15 10:13:48,0.82275119924214
2025-10-15 10:13:49,0.6214109587189733
2025-10-15 10:13:50,0.5214933076393602
2025-10-15 10:13:51,0.11220220802737027
2025-10-15 10:13:52,0.09937888498718983
2025-10-15 10:13:53,0.13483036523438074
2025-10-15 10:13:54,0.24479726689198283
2025-10-15 10:13:55,0.2851322098804781
2025-10-15 10:13:56,0.4825750739221115
2025-10-15 10:13:57,0.10024689388918137
2025-10-15 10:13:58,0.39764835977148755
2025-10-15 10:13:59,0.21790167336617366
2025-10-15 10:14:00,0.24258044355213507
2025-10-15 10:14:01,0.35122292382499054
2025-10-15 10:14:02,0.08159169676565522
2025-10-15 10:14:03,0.3073614619276076
2025-10-15 10:14:04,0.2749678312319584
2025-10-15 10:14:05,0.32386768960122236
2025-10-15 10:14:06,0.29337529658617273
2025-10-15 10:14:07,0.6182950209866341
2025-10-15 10:14:08,0.1543390023623026
2025-10-15 10:14:09,0.17035045674972737
2025-10-15 10:14:10,0.15652892103628535
2025-10-15 10:14:11,0.16667843212596178
2025-10-15 10:14:12,0.15439193090402237
2025-10-15 10:14:13,0.42835247966613277
2025-10-15 10:14:14,0.4630756371984782
2025-10-15 10:14:15,0.16438805593757855
2025-10-15 10:14:16,0.1251466640343657
2025-10-15 10:14:17,0.32071233345796063
2025-10-15 10:14:18,0.1671665433578543
2025-10-15 10:14:19,0.3449397726633266
2025-10-15 10:14:20,0.28043845312769494
2025-10-15 10:14:21,0.022638382750415215
2025-10-15 10:14:22,0.48212578019950925
2025-10-15 10:14:23,0.5193816509643283
2025-10-15 10:14:24,0.15808169642734207
2025-10-15 10:14:25,0.19184476600960237
2025-10-15 10:14:26,0.29287980860873575
2025-10-15 10:14:27,0.30016851849805376
2025-10-15 10:14:28,0.34878164090092456
2025-10-15 10:14:29,0.5515306808149525
2025-10-15 10:14:30,0.2234579158758926
2025-10-15 10:14:31,0.13025541331923196
2025-10-15 10:14:32,0.04310211579782092
2025-10-15 10:14:33,0.14036049400871214
2025-10-15 10:14:34,0.24503095406893044
2025-10-15 10:14:35,0.5191836795276681
2025-10-15 10:14:36,0.1723583051445743
2025-10-15 10:14:37,0.2835681927458348
2025-10-15 10:14:38,0.6760601988051271
2025-10-15 10:14:39,0.4282589910172126
2025-10-15 10:14:40,0.6290398638810433
2025-10-15 10:14:41,0.1703696840619519
2025-10-15 10:14:42,0.17658408362226669
2025-10-15 10:14:43,0.4066241315603608
2025-10-15 10:14:44,0.3522837234439467
2025-10-15 10:14:45,0.5270060988604051
2025-10-15 10:14:46,0.33758922779889455
2025-10-15 10:14:47,0.19610618638194108
2025-10-15 10:14:48,0.33859822460384636
2025-10-15 10:14:49,0.4163055370874361
2025-10-15 10:14:50,0.3730723271796046
2025-10-15 10:14:51,0.32609110466609464
2025-10-15 10:14:52,0.4100012034383731
2025-10-15 10:14:53,0.42539433856685094
2025-10-15 10:14:54,0.45732384865562903
2025-10-15 10:14:55,0.34730648313844636
2025-10-15 10:14:56,0.22493228795247186
2025-10-15 10:14:57,0.27200705296499844
2025-10-15 10:14:58,0.4309763449762535
2025-10-15 10:14:59,0.1274596493519146
2025-10-15 10:15:00,0.30530099633093516
2025-10-15 10:15:01,0.1909991781508959
2025-10-15 10:15:02,0.2543117234402226
2025-10-15 10:15:03,0.4417677793910948
2025-10-15 10:15:04,0.2786648602029855
2025-10-15 10:15:05,0.2569654822234223
2025-10-15 10:15:06,0.04602157885301211
2025-10-15 10:15:07,0.3619380349040831
2025-10-15 10:15:08,0.3468226271711613
2025-10-15 10:15:09,0.5744882084958189
2025-10-15 10:15:10,0.20383326475704988
2025-10-15 10:15:11,0.2828725491495908
2025-10-15 10:15:12,0.28740755255661327
2025-10-15 10:15:13,0.48661799196452116
2025-10-15 10:15:14,0.9483487242584056
2025-10-15 10:15:15,0.2918532288655509
2025-10-15 10:15:16,0.34118447645748085
2025-10-15 10:15:17,0.27799136847345374
2025-10-15 10:15:18,0.18303495781742077
2025-10-15 10:15:19,0.27911349893474613
2025-10-15 10:15:20,0.4110447624789658
2025-10-15 10:15:21,0.09602270508834096
2025-10-15 10:15:22,0.2699454511220314
2025-10-15 10:15:23,0.14498187775912402
2025-10-15 10:15:24,0.4292569943387263
2025-10-15 10:15:25,0.021521964282433803
2025-10-15 10:15:26,0.16616172290926173
2025-10-15 10:15:27,0.3065817812596781
2025-10-15 10:15:28,0.4848286043851511
2025-10-15 10:15:29,0.24013746083905183
2025-10-15 10:15:30,0.16672007099602026
2025-10-15 10:15:31,0.5321735604160884
2025-10-15 10:15:32,0.0327979149375634
2025-10-15 10:15:33,0.0
2025-10-15 10:15:34,0.31600216750799986
2025-10-15 10:15:35,0.17469186634710832
2025-10-15 10:15:36,0.09681507743039303
2025-10-15 10:15:37,0.356253467094903
2025-10-15 10:15:38,0.2865701070656798
2025-10-15 10:15:39,0.16538820538949073
2025-10-15 10:15:40,0.05795434019936585
2025-10-15 10:15:41,0.38086859924202165
2025-10-15 10:15:42,0.34753017669379915
2025-10-15 10:15:43,0.23512362043309257
2025-10-15 10:15:44,0.5269955494071499
2025-10-15 10:15:45,0.08948728505107711
2025-10-15 10:15:46,0.02117122436128918
2025-10-15 10:15:47,0.14621378951781333
2025-10-15 10:15:48,0.24316209754667534
2025-10-15 10:15:49,0.2865009173984038
2025-10-15 10:15:50,0.2138145913215505
2025-10-15 10:15:51,0.30280830947714454
2025-10-15 10:15:52,0.062269086371433385
2025-10-15 10:15:53,0.46656469061098893
2025-10-15 10:15:54,0.23767732324111468
2025-10-15 10:15:55,0.41759437473821914
2025-10-15 10:15:56,0.30140880195665565
2025-10-15 10:15:57,0.3185129828730676
2025-10-15 10:15:58,0.3354650920348306
2025-10-15 10:15:59,0.3171562840025972
2025-10-15 10:16:00,0.34640841398013156
2025-10-15 10:16:01,0.4493728795198647
2025-10-15 10:16:02,0.2794781754552205
2025-10-15 10:16:03,0.35635056363827683
2025-10-15 10:16:04,0.7269944086124096
2025-10-15 10:16:05,0.4660175823174209
2025-10-15 10:16:06,0.14854115469110957
2025-10-15 10:16:07,0.5201410649366223
2025-10-15 10:16:08,0.2439763074033485
2025-10-15 10:16:09,0.03538373468229278
2025-10-15 10:16:10,0.2692156622366184
2025-10-15 10:16:11,0.14784225137876789
2025-10-15 10:16:12,0.37609653234830864
2025-10-15 10:16:13,0.15210640310464135
2025-10-15 10:16:14,0.18307248501778306
2025-10-15 10:16:15,0.0
2025-10-15 10:16:16,0.1821540521126385
2025-10-15 10:16:17,0.0
2025-10-15 10:16:18,0.012414576477141503
2025-10-15 10:16:19,0.3640621984216446
2025-10-15 10:16:20,0.3678700237976248
2025-10-15 10:16:21,0.3138186342677447
2025-10-15 10:16:22,0.10495357853061807
2025-10-15 10:16:23,0.24284329657870302
2025-10-15 10:16:24,0.24945961913641473
2025-10-15 10:16:25,0.6311074199969676
2025-10-15 10:16:26,1.0797529515949682
2025-10-15 10:16:27,0.3816043435863507
2025-10-15 10:16:28,0.2168553739255504
2025-10-15 10:16:29,0.2540328758491796
2025-10-15 10:16:30,0.2812574211921329
2025-10-15 10:16:31,0.0
2025-10-15 10:16:32,0.21292339262191046
2025-10-15 10:16:33,0.14770236280033022
2025-10-15 10:16:34,0.09975699851576267
2025-10-15 10:16:35,0.5874869663765969
2025-10-15 10:16:36,0.5196529790274284
2025-10-15 10:16:37,0.3461264291900515
2025-10-15 10:16:38,0.16432315153258048
2025-10-15 10:16:39,0.3358874172034238
2025-10-15 10:16:40,0.4599033154879003
2025-10-15 10:16:41,0.3886950524369153
2025-10-15 10:16:42,0.25894455548802614
2025-10-15 10:16:43,0.15295948334416393
2025-10-15 10:16:44,0.3547334970420385
2025-10-15 10:16:45,0.3090228078132624
2025-10-15 10:16:46,0.38427898300415986
2025-10-15 10:16:47,0.6768302867918705
2025-10-15 10:16:48,0.40743290729790027
2025-10-15 10:16:49,0.1697147182659148
2025-10-15 10:16:50,0.44760910984514884
2025-10-15 10:16:51,0.27963994070385995
2025-10-15 10:16:52,0.5612891308937897
2025-10-15 10:16:53,0.1466218272865648
2025-10-15 10:16:54,0.5103945704747874
2025-10-15 10:16:55,0.27968661751939716
2025-10-15 10:16:56,0.15228729945783276
2025-10-15 10:16:57,0.17741712489185177
2025-10-15 10:16:58,0.20194790377085198
2025-10-15 10:16:59,0.3136248919602875
2025-10-15 10:17:00,0.3284253232053249
2025-10-15 10:17:01,0.16394499940921314
2025-10-15 10:17:02,0.24634681116085258
2025-10-15 10:17:03,0.5713405537917795
2025-10-15 10:17:04,0.5091314755151066
2025-10-15 10:17:05,0.3154485504511048
2025-10-15 10:17:06,0.25570052172523006
2025-10-15 10:17:07,0.2680046990077392
2025-10-15 10:17:08,0.3420276959095625
2025-10-15 10:17:09,0.09658111522023918
2025-10-15 10:17:10,0.21139351938649825
2025-10-15 10:17:11,0.0
2025-10-15 10:17:12,0.3098834683907919
2025-10-15 10:17:13,0.3470793909554112
2025-10-15 10:17:14,0.17752203065509392
2025-10-15 10:17:15,0.4860980144935049
2025-10-15 10:17:16,0.7600861446957813
2025-10-15 10:17:17,0.030343767968526975
2025-10-15 10:17:18,0.2836677727839958
2025-10-15 10:17:19,0.40706474539182314
2025-10-15 10:17:20,0.5025891537186803
2025-10-15 10:17:21,0.181167360569659
2025-10-15 10:17:22,0.4118021250146944
2025-10-15 10:17:23,0.2442237295748939
2025-10-15 10:17:24,0.22410590500887706
2025-10-15 10:17:25,0.38254899062300085
2025-10-15 10:17:26,0.34784843176201297
2025-10-15 10:17:27,0.37236569068914194
2025-10-15 10:17:28,0.4714810524588844
2025-10-15 10:17:29,0.45701370312211775
2025-10-15 10:17:30,0.1561655947735706
2025-10-15 10:17:31,0.3093705300156113
2025-10-15 10:17:32,0.32410452794241085
2025-10-15 10:17:33,0.28910106487358606
2025-10-15 10:17:34,0.16745422692318698
2025-10-15 10:17:35,0.14925649480929226
2025-10-15 10:17:36,0.2461668893512832
2025-10-15 10:17:37,0.4259093528889047
2025-10-15 10:17:38,0.33154002318916487
2025-10-15 10:17:39,0.19440785018708412
2025-10-15 10:17:40,0.3657548065972517
2025-10-15 10:17:41,0.0
2025-10-15 10:17:42,0.4223148550558155
2025-10-15 10:17:43,0.0
2025-10-15 10:17:44,0.19563385878953019
2025-10-15 10:17:45,0.8187178466680024
2025-10-15 10:17:46,0.05579777864186414
2025-10-15 10:17:47,0.4241240181067779
2025-10-15 10:17:48,0.7332640357134577
2025-10-15 10:17:49,0.30197558225960736
2025-10-15 10:17:50,0.24296191316812238
2025-10-15 10:17:51,0.32155612408346823
2025-10-15 10:17:52,0.2615232836590383
2025-10-15 10:17:53,0.05755116637171456
2025-10-15 10:17:54,0.39944002291707104
2025-10-15 10:17:55,0.1759365125258031
2025-10-15 10:17:56,0.43604038129967015
2025-10-15 10:17:57,0.18578272585511313
2025-10-15 10:17:58,0.47511396859514665
2025-10-15 10:17:59,0.3775332613170239
2025-10-15 10:18:00,0.19770217983882113
2025-10-15 10:18:01,0.5440759165419307
2025-10-15 10:18:02,0.2017547423173926
2025-10-15 10:18:03,0.5615121975341262
2025-10-15 10:18:04,0.307290317834733
2025-10-15 10:18:05,0.31450624707866043
2025-10-15 10:18:06,0.4045425181047763
2025-10-15 10:18:07,0.7256701430897166
2025-10-15 10:18:08,0.21114367812689452
2025-10-15 10:18:09,0.22054752263725325
2025-10-15 10:18:10,0.2392598110878904
2025-10-15 10:18:11,0.24441666452352376
2025-10-15 10:18:12,0.359144431545547
2025-10-15 10:18:13,0.2577918828710949
2025-10-15 10:18:14,0.35989601158233686
2025-10-15 10:18:15,0.23789251298371264
2025-10-15 10:18:16,0.2617952785474136
2025-10-15 10:18:17,0.0
2025-10-15 10:18:18,0.3874491512053722
2025-10-15 10:18:19,0.3019732713846989
2025-10-15 10:18:20,0.11347032890256809
2025-10-15 10:18:21,0.0840847713118553
2025-10-15 10:18:22,0.1506907124007617
2025-10-15 10:18:23,0.15679109241734984
2025-10-15 10:18:24,0.10078367294619178
2025-10-15 10:18:25,0.02594371252347076
2025-10-15 10:18:26,0.1265934459104878
2025-10-15 10:18:27,0.031180709798992443
2025-10-15 10:18:28,0.14428438332160198
2025-10-15 10:18:29,0.13250754702226897
2025-10-15 10:18:30,0.1532263751241406
2025-10-15 10:18:31,0.10780796675103181
2025-10-15 10:18:32,0.08915842698454486
2025-10-15 10:18:33,0.0864969659892933
2025-10-15 10:18:34,0.08361219486907309
2025-10-15 10:18:35,0.1294320596102411
2025-10-15 10:18:36,0.12136814468517634
2025-10-15 10:18:37,0.1036067690030264
2025-10-15 10:18:38,0.07833456076219084
2025-10-15 10:18:39,0.1788763789390082
2025-10-15 10:18:40,0.1273712384188861
2025-10-15 10:18:41,0.05206864240679774
2025-10-15 10:18:42,0.0845123195218862
2025-10-15 10:18:43,0.12795328292226116
2025-10-15 10:18:44,0.07601383236301948
2025-10-15 10:18:45,0.11054643876477667
2025-10-15 10:18:46,0.12852388901008444
2025-10-15 10:18:47,0.0
2025-10-15 10:18:48,0.0967588690063225
2025-10-15 10:18:49,0.09793627460695366
2025-10-15 10:18:50,0.08763782632948632
2025-10-15 10:18:51,0.10905085404838123
2025-10-15 10:18:52,0.11972558822487625
2025-10-15 10:18:53,0.10426152832973828
2025-10-15 10:18:54,0.08878517817851704
2025-10-15 10:18:55,0.11897863899352809
2025-10-15 10:18:56,0.10147160227823072
2025-10-15 10:18:57,0.09307898760413566
2025-10-15 10:18:58,0.06063161843983243
2025-10-15 10:18:59,0.05312035644201766
2025-10-15 10:19:00,0.0600631062185779
2025-10-15 10:19:01,0.10834987183660645
2025-10-15 10:19:02,0.09762763757180945
2025-10-15 10:19:03,0.05559147705377611
2025-10-15 10:19:04,0.11937753477381434
2025-10-15 10:19:05,0.14122928539537286
2025-10-15 10:19:06,0.08204519149850993
2025-10-15 10:19:07,0.047770544278948786
2025-10-15 10:19:08,0.07872620845294262
2025-10-15 10:19:09,0.12563381880384084
2025-10-15 10:19:10,0.11645589575604323
2025-10-15 10:19:11,0.07232701941965564
2025-10-15 10:19:12,0.14563516413294225
2025-10-15 10:19:13,0.14044840197779196
2025-10-15 10:19:14,0.07800981810170077
2025-10-15 10:19:15,0.077701299911051
2025-10-15 10:19:16,0.08221516187861533
2025-10-15 10:19:17,0.08478001673834362
2025-10-15 10:19:18,0.12851614023785332
2025-10-15 10:19:19,0.11275987181429782
2025-10-15 10:19:20,0.12631236308051763
2025-10-15 10:19:21,0.120206954295601
2025-10-15 10:19:22,0.15143581204581197
2025-10-15 10:19:23,0.0682184336857258
2025-10-15 10:19:24,0.1114107559115175
2025-10-15 10:19:25,0.034785362312959076
2025-10-15 10:19:26,0.06049133277709426
2025-10-15 10:19:27,0.09775439842195459
2025-10-15 10:19:28,0.11254619838263609
2025-10-15 10:19:29,0.09694552773911291
2025-10-15 10:19:30,0.08298422743561966
2025-10-15 10:19:31,0.08831746367520887
2025-10-15 10:19:32,0.14108322929272313
2025-10-15 10:19:33,0.08847903466359579
2025-10-15 10:19:34,0.15247724866130585
2025-10-15 10:19:35,0.12382051220623401
2025-10-15 10:19:36,0.11372612038444692
2025-10-15 10:19:37,0.06419209269037014
2025-10-15 10:19:38,0.12805714484198882
2025-10-15 10:19:39,0.08518688266754502
2025-10-15 10:19:40,0.06416680725982901
2025-10-15 10:19:41,0.11538530839238133
2025-10-15 10:19:42,0.05836161818300382
2025-10-15 10:19:43,0.07713275613611253
2025-10-15 10:19:44,0.09969652265593267
2025-10-15 10:19:45,0.16655264272344183
2025-10-15 10:19:46,0.07939252732622538
2025-10-15 10:19:47,0.08625350442098274
2025-10-15 10:19:48,0.12197035163264935
2025-10-15 10:19:49,0.06285112934871862
2025-10-15 10:19:50,0.11328419143062747
2025-10-15 10:19:51,0.13617780422849765
2025-10-15 10:19:52,0.09078715345866696
2025-10-15 10:19:53,0.13078462844190597
2025-10-15 10:19:54,0.10874349769635419
2025-10-15 10:19:55,0.07807954108588659
2025-10-15 10:19:56,0.09406585942310482
2025-10-15 10:19:57,0.08860727980059274
2025-10-15 10:19:58,0.09737085226550568
2025-10-15 10:19:59,0.10458153697659486
2025-10-15 10:20:00,0.11764599804915571
2025-10-15 10:20:01,0.11526004748761408
2025-10-15 10:20:02,0.027048592862135568
2025-10-15 10:20:03,0.0970807543368392
2025-10-15 10:20:04,0.05471734259779713
2025-10-15 10:20:05,0.09172818242598023
2025-10-15 10:20:06,0.09628631236567241
2025-10-15 10:20:07,0.12928445074254127
2025-10-15 10:20:08,0.09909653598699701
2025-10-15 10:20:09,0.10777654055029781
2025-10-15 10:20:10,0.12379169141972288
2025-10-15 10:20:11,0.136832567794579
2025-10-15 10:20:12,0.09630958229929269
2025-10-15 10:20:13,0.10282538325041227
2025-10-15 10:20:14,0.10030069906726762
2025-10-15 10:20:15,0.08372203106706771
2025-10-15 10:20:16,0.07692654329672832
2025-10-15 10:20:17,0.031843422507221955
2025-10-15 10:20:18,0.06770017196427011
2025-10-15 10:20:19,0.0466410750037059
2025-10-15 10:20:20,0.13765595453359758
2025-10-15 10:20:21,0.10565248024892286
2025-10-15 10:20:22,0.096221830811595
2025-10-15 10:20:23,0.07847544441756756
2025-10-15 10:20:24,0.10089337789703873
2025-10-15 10:20:25,0.07456060367033998
2025-10-15 10:20:26,0.10522055669861811
2025-10-15 10:20:27,0.10737201948764061
2025-10-15 10:20:28,0.07415848892929769
2025-10-15 10:20:29,0.07358614105532783
2025-10-15 10:20:30,0.12886598063785354
2025-10-15 10:20:31,0.098414201371261
2025-10-15 10:20:32,0.07656938712205329
2025-10-15 10:20:33,0.08888481094931444
2025-10-15 10:20:34,0.0696821773988018
2025-10-15 10:20:35,0.0979844925801425
2025-10-15 10:20:36,0.12494884922993406
2025-10-15 10:20:37,0.09916987997217216
2025-10-15 10:20:38,0.17090900331026154
2025-10-15 10:20:39,0.11264078704147006
2025-10-15 10:20:40,0.10689863343526637
2025-10-15 10:20:41,0.07275093607102584
2025-10-15 10:20:42,0.09284399659472001
2025-10-15 10:20:43,0.07662958470898924
2025-10-15 10:20:44,0.035030643147876295
2025-10-15 10:20:45,0.12922786666386424
2025-10-15 10:20:46,0.08465648333349307
2025-10-15 10:20:47,0.07718799777000082
2025-10-15 10:20:48,0.10631710101875395
2025-10-15 10:20:49,0.11537498656664552
2025-10-15 10:20:50,0.09037675501281164
2025-10-15 10:20:51,0.09992194997172946
2025-10-15 10:20:52,0.1223856222194321
2025-10-15 10:20:53,0.08919419216170157
2025-10-15 10:20:54,0.10907001225290003
2025-10-15 10:20:55,0.0502226614483255
2025-10-15 10:20:56,0.06276043004716755
2025-10-15 10:20:57,0.11816619334241212
2025-10-15 10:20:58,0.06119324082498105
2025-10-15 10:20:59,0.10702412641339888
2025-10-15 10:21:00,0.09559003653408782
2025-10-15 10:21:01,0.08906598212439314
2025-10-15 10:21:02,0.07514611693096816
2025-10-15 10:21:03,0.12728020054316128
2025-10-15 10:21:04,0.15189673463559505
2025-10-15 10:21:05,0.10900576487800584
2025-10-15 10:21:06,0.10967472147018452
2025-10-15 10:21:07,0.07953008110427519
2025-10-15 10:21:08,0.06411708304526861
2025-10-15 10:21:09,0.09880783285581476
2025-10-15 10:21:10,0.07078751056125773
2025-10-15 10:21:11,0.04682169615052535
2025-10-15 10:21:12,0.12410337437096747
2025-10-15 10:21:13,0.125565003647555
2025-10-15 10:21:14,0.07423483681140718
2025-10-15 10:21:15,0.10731892963837733
2025-10-15 10:21:16,0.130058568033753
2025-10-15 10:21:17,0.10615080061185637
2025-10-15 10:21:18,0.064205360617038
2025-10-15 10:21:19,0.09301319760288705
2025-10-15 10:21:20,0.13980428260125974
2025-10-15 10:21:21,0.10741079930815339
2025-10-15 10:21:22,0.11617396309548417
2025-10-15 10:21:23,0.11024887658107344
2025-10-15 10:21:24,0.07433465926065241
2025-10-15 10:21:25,0.08137464342152072
2025-10-15 10:21:26,0.11016595471155227
2025-10-15 10:21:27,0.12450615340061225
2025-10-15 10:21:28,0.13299714852753647
2025-10-15 10:21:29,0.07425683365695421
2025-10-15 10:21:30,0.11299361604031581
2025-10-15 10:21:31,0.1356113233515693
2025-10-15 10:21:32,0.07038754689135933
2025-10-15 10:21:33,0.1446024140739932
2025-10-15 10:21:34,0.1491682248203257
2025-10-15 10:21:35,0.1787525901886498
2025-10-15 10:21:36,0.10692800322489984
2025-10-15 10:21:37,0.10709274028787347
2025-10-15 10:21:38,0.12480983167351953
2025-10-15 10:21:39,0.1239340801914825
2025-10-15 10:21:40,0.13379100582986816
2025-10-15 10:21:41,0.12352099541395312
2025-10-15 10:21:42,0.09681814272885884
2025-10-15 10:21:43,0.13665991362920507
2025-10-15 10:21:44,0.06786237550921823
2025-10-15 10:21:45,0.1001755701017613
2025-10-15 10:21:46,0.146912068481494
2025-10-15 10:21:47,0.06249260505639043
2025-10-15 10:21:48,0.07967573029008512
2025-10-15 10:21:49,0.12015241873231874
2025-10-15 10:21:50,0.11181735919708458
2025-10-15 10:21:51,0.07374923777031266
2025-10-15 10:21:52,0.08751417991809579
2025-10-15 10:21:53,0.06457653812048983
2025-10-15 10:21:54,0.12941454998561716
2025-10-15 10:21:55,0.09232355926988406
2025-10-15 10:21:56,0.15376467732281898
2025-10-15 10:21:57,0.10243300732120066
2025-10-15 10:21:58,0.0934077908979137
2025-10-15 10:21:59,0.09049534716124608
2025-10-15 10:22:00,0.09267400494422716
2025-10-15 10:22:01,0.1033246328540141
2025-10-15 10:22:02,0.17537222729734958
2025-10-15 10:22:03,0.08983420989701922
2025-10-15 10:22:04,0.09080939617686072
2025-10-15 10:22:05,0.10196781537049536
2025-10-15 10:22:06,0.13270823519032782
2025-10-15 10:22:07,0.05737046316781663
2025-10-15 10:22:08,0.11365278210728937
2025-10-15 10:22:09,0.07547724471936515
2025-10-15 10:22:10,0.11659818066852848
2025-10-15 10:22:11,0.08518720172918633
2025-10-15 10:22:12,0.030876929807281406
2025-10-15 10:22:13,0.11108732808062456
2025-10-15 10:22:14,0.11083434311040606
2025-10-15 10:22:15,0.08262759074561711
2025-10-15 10:22:16,0.08084968419570994
2025-10-15 10:22:17,0.06065881824737043
2025-10-15 10:22:18,0.12319299824616615
2025-10-15 10:22:19,0.12646647347400425
2025-10-15 10:22:20,0.07362847344472331
2025-10-15 10:22:21,0.08380196621383448
2025-10-15 10:22:22,0.0981013263658311
2025-10-15 10:22:23,0.1681259584310664
2025-10-15 10:22:24,0.11635365242766797
2025-10-15 10:22:25,0.07169753454974863
2025-10-15 10:22:26,0.10911340928471516
2025-10-15 10:22:27,0.05869925378085755
2025-10-15 10:22:28,0.12153970929748513
2025-10-15 10:22:29,0.15026642180633457
