fecha,CO,NO,NO2,NOX,O3,PM10,PM25,SO2
2021-01-01,0.4177820267686424,5.712962962962963,16.977272727272727,23.261574074074076,29.765494137353432,54.32727272727273,28.59485530546624,1.125912408759124
2021-01-02,0.5150869565217391,14.289893617021276,26.782608695652176,42.090425531914896,33.64796905222437,48.19648093841642,23.465408805031448,1.725
2021-01-03,0.4469052224371373,12.32857142857143,22.773255813953487,35.714285714285715,28.135823429541595,39.0919881305638,16.42367601246106,1.5489833641404809
2021-01-04,0.5803976143141153,22.323040380047505,31.30648330058939,54.418052256532064,28.824531516183985,52.48623853211009,23.16,3.410018552875696
2021-01-05,0.5331047619047619,19.38609112709832,29.376218323586745,49.99520383693046,28.94137353433836,55.91666666666666,22.694444444444443,5.251366120218579
2021-01-06,0.5796768060836502,25.863425925925927,26.68880455407969,53.708333333333336,23.429048414023374,48.06388888888889,20.473214285714285,2.9056261343012704
2021-01-07,0.3888867562380038,10.807058823529411,26.12667946257198,37.80235294117647,24.805084745762716,47.611267605633806,21.035820895522388,6.257407407407407
2021-01-08,0.512312925170068,20.27248677248677,24.980392156862745,46.44179894179894,29.739463601532567,46.67806267806268,23.66565349544073,3.694386694386695
2021-01-09,0.4278886756238004,15.127314814814817,21.430740037950663,37.24305555555556,21.38382099827883,36.51675977653631,18.70833333333333,1.546279491833031
2021-01-10,0.2729924242424242,7.743589743589744,14.076190476190476,22.06993006993007,20.68521739130435,24.792792792792792,11.92192192192192,0.7978142076502732
2021-01-11,0.3640458015267175,15.72429906542056,18.68320610687023,35.1588785046729,15.681208053691275,33.68652037617555,13.735099337748345,2.158759124087591
2021-01-12,0.3227238095238095,14.997685185185183,17.153398058252428,32.63194444444444,20.07508532423208,29.226993865030675,10.91373801916933,0.8998178506375227
2021-01-13,0.5039156626506024,20.97007481296758,25.661733615221987,47.87032418952619,23.03327171903882,41.76307692307692,20.74025974025974,3.060665362035225
2021-01-14,0.4425665859564164,21.11143695014663,24.553030303030305,45.9941348973607,17.827814569536425,44.51951951951952,18.167832167832167,5.221957040572792
2021-01-15,0.5377220077220077,23.488151658767773,29.004056795131845,53.51658767772512,23.619893428063943,57.06158357771261,24.21232876712329,8.184842883548983
2021-01-16,0.4277186311787072,15.865429234338746,24.53293413173653,41.23201856148492,21.61896243291592,45.573573573573576,20.37809187279152,8.956363636363637
2021-01-17,0.3934423076923077,11.527058823529412,16.905241935483872,28.785882352941176,13.226591760299623,19.843949044585987,10.5625,0.9669117647058824
2021-01-18,0.6773938223938224,34.485849056603776,23.903030303030302,59.58254716981132,19.74856046065259,33.02639296187683,18.272727272727277,1.3666666666666667
2021-01-19,0.5137717601547389,25.486810551558754,24.45398773006135,50.9568345323741,28.500931098696466,44.17039106145251,20.88544891640867,1.53411306042885
2021-01-20,0.3752997601918465,12.101190476190476,21.654135338345863,33.913690476190474,23.3778801843318,40.561194029850746,22.778169014084508,8.300469483568076
2021-01-21,0.4655846774193548,22.1328320802005,22.496815286624205,45.822055137844615,21.81010101010101,38.00892857142857,16.254125412541253,2.360488798370672
2021-01-22,0.5522489959839357,26.97860962566845,26.71300448430493,54.47058823529412,33.0838445807771,52.48358208955224,23.42258064516129,2.5092024539877302
2021-01-23,0.5342570281124498,15.92059553349876,27.469473684210527,44.188585607940446,36.8433734939759,54.29663608562692,26.540453074433657,2.353413654618474
2021-01-24,0.4798214285714285,9.71813725490196,25.120833333333334,35.86274509803921,30.28769841269841,46.973134328358206,20.675241157556272,1.6090534979423867
2021-01-25,0.4442405063291139,19.81571815718157,23.160997732426303,44.01084010840109,28.06779661016949,45.261538461538464,17.22866894197952,1.3111111111111111
2021-01-26,0.4819354838709677,20.97635135135135,24.789017341040463,46.929054054054056,31.522911051212937,48.37579617834395,17.8841059602649,1.5378151260504205
2021-01-27,0.4859225512528474,24.067055393586006,23.101204819277108,48.10495626822158,27.361990950226243,83.44625407166124,23.853896103896105,2.698795180722892
2021-01-28,0.2330982905982906,3.8624338624338623,14.931111111111113,19.285714285714285,29.518072289156628,34.768115942028984,10.064406779661017,3.5538116591928253
2021-01-29,0.4494791666666666,13.762532981530343,24.21263157894737,38.71767810026385,28.75717017208413,48.30065359477124,19.961194029850745,6.06430155210643
2021-01-30,0.5654791666666666,16.083333333333332,28.21875,45.05729166666666,33.50568181818182,57.11217948717949,23.889880952380956,4.914473684210527
2021-01-31,0.3554375,7.207349081364829,19.0251572327044,26.42782152230971,31.69142857142857,53.9635761589404,20.21321321321321,3.9467849223946794
2021-02-01,0.220863309352518,2.333333333333333,13.038095238095238,15.717261904761903,30.46103896103896,26.996296296296297,11.536332179930795,4.383458646616542
2021-02-02,0.4360385438972163,16.64032697547684,26.42265795206972,43.20435967302452,19.229126213592235,44.94306049822064,23.850162866449512,7.925170068027211
2021-02-03,0.525223880597015,30.46,29.484304932735427,60.65714285714286,21.55705996131528,46.60384615384616,19.142857142857142,4.71685393258427
2021-02-04,0.6509619686800895,32.73111782477341,33.840749414519905,67.82175226586102,30.59311740890688,57.92779783393502,25.42950819672131,3.3483412322274884
2021-02-05,0.6334633027522936,23.906432748538013,32.58254716981132,57.73099415204678,40.03601694915254,61.71641791044776,29.486206896551725,3.1125
2021-02-06,0.4340821256038647,9.804416403785488,23.188144329896907,33.791798107255524,36.7054794520548,49.643884892086334,22.687116564417177,2.0628415300546448
2021-02-07,0.3567021276595745,4.3938356164383565,17.99718309859155,23.195205479452056,40.395465994962215,50.303886925795055,24.276785714285715,3.089820359281437
2021-02-08,0.402877030162413,14.838805970149254,21.732186732186733,37.286567164179104,30.09450549450549,39.01056338028169,16.262686567164177,1.4177545691906006
2021-02-09,0.4405263157894737,14.669444444444444,23.48491879350348,39.047222222222224,32.47390396659708,49.88461538461539,22.976119402985077,2.3112745098039214
2021-02-10,0.5099120879120879,14.81058495821727,25.874709976798144,42.06406685236769,26.84133611691023,46.5,23.55654761904762,3.159313725490196
2021-02-11,0.3973198198198198,21.166666666666668,17.9,39.793103448275865,18.58333333333333,40.19384615384615,15.578787878787878,1.2704714640198511
2021-02-12,0.2846460176991151,18.839650145772595,14.25485436893204,33.291545189504376,16.775109170305676,34.89180327868853,11.534743202416918,1.1205128205128203
2021-02-13,0.2350478468899521,6.535031847133758,11.798994974874372,18.493630573248407,25.30979498861048,41.28819444444444,11.23920265780731,0.8338028169014085
2021-02-14,0.310875,4.783333333333333,14.111842105263158,19.091666666666665,30.142857142857142,37.51170568561873,12.067073170731708,0.8676470588235294
2021-02-15,0.3632188841201716,11.362068965517242,18.59276018099548,29.948275862068964,32.36530612244898,39.579335793357934,12.475247524752476,0.9750623441396508
2021-02-16,0.3977102803738317,19.3208722741433,19.573493975903613,39.04361370716511,28.356984478935697,43.88803088803089,14.04460966542751,1.112219451371571
2021-02-17,0.3303470715835141,7.718840579710145,19.512585812356978,27.44927536231884,29.460385438972164,42.517605633802816,14.271523178807946,1.0145631067961165
2021-02-18,0.532452025586354,24.27077747989276,27.85897435897436,53.31903485254692,30.379310344827587,55.23905723905724,21.473154362416107,1.6292134831460674
2021-02-19,0.4883959899749373,19.107255520504733,31.384039900249377,51.37223974763407,34.82380952380952,74.48263888888889,36.43554006968641,31.46174142480211
2021-02-20,0.4442058165548098,19.03988603988604,27.7337807606264,47.965811965811966,34.20594479830149,63.898916967509024,27.57246376811594,18.513002364066192
2021-02-21,0.4155829596412556,8.275,23.55824175824176,33.03333333333333,44.91875,58.51041666666666,26.23263888888889,5.890951276102088
2021-02-22,0.4338228438228438,14.859550561797754,26.457964601769916,42.35112359550562,36.4390756302521,76.88967971530249,34.8220640569395,10.24766355140187
2021-02-23,0.341431718061674,13.498591549295774,24.56222222222222,39.52394366197183,35.34518828451883,61.90601503759399,28.225092250922508,13.62295081967213
2021-02-24,0.354,17.88,25.04814004376368,43.522666666666666,26.26315789473684,65.40072202166066,21.688172043010752,9.13768115942029
2021-02-25,0.4211616161616162,21.490066225165563,24.280748663101605,47.31788079470199,39.11670480549199,62.12237762237762,24.176470588235293,5.919270833333333
2021-02-26,0.4565400843881856,15.980446927374302,27.980132450331126,45.68156424581006,42.8639846743295,70.76530612244898,31.33448275862069,6.243902439024391
2021-02-27,0.478804780876494,11.4296875,26.764091858037578,39.59635416666666,47.95636363636363,74.2814371257485,32.76051779935275,3.066945606694561
2021-02-28,0.401984126984127,5.075520833333333,21.772916666666667,28.06770833333333,47.57065217391305,69.75522388059701,29.98809523809524,5.108333333333333
2021-03-01,0.4103386454183267,11.95538057742782,24.086315789473684,36.86351706036746,46.73491773308958,82.6,31.161194029850748,4.701052631578947
2021-03-02,0.3191348088531187,4.098143236074271,18.17970401691332,23.456233421750664,49.78899082568808,65.93577981651376,34.64741641337386,2.5617021276595744
2021-03-03,0.3566901408450704,10.62300319488818,21.805626598465476,33.760383386581466,45.50427350427351,67.52439024390245,28.71207430340557,8.488250652741515
2021-03-04,0.361578947368421,11.108635097493035,25.57802197802198,38.200557103064064,40.82758620689656,68.421768707483,25.911475409836065,2.3348115299334813
2021-03-05,0.436980306345733,18.50887573964497,27.4364896073903,47.54437869822485,33.96831683168317,64.22388059701493,25.95016611295681,3.1293302540415704
2021-03-06,0.2842436974789916,3.0,18.21300448430493,22.12857142857143,37.52290076335878,58.98550724637681,27.00986842105263,5.699115044247788
2021-03-07,0.3587982832618026,7.51830985915493,20.71492204899777,29.374647887323945,28.075875486381324,54.2463768115942,23.65771812080537,8.98868778280543
2021-03-08,0.3345202558635394,7.571428571428571,22.807522123893804,30.871148459383758,24.976744186046517,58.99303135888502,25.9903536977492,15.804494382022472
2021-03-09,0.3493078758949881,11.088888888888889,21.32080200501253,33.11746031746032,29.32900432900433,53.80935251798561,19.864238410596027,6.07286432160804
2021-03-10,0.4587238493723849,23.473537604456823,24.98021978021978,49.19220055710306,23.12167300380228,55.479553903345725,19.865319865319865,2.447136563876652
2021-03-11,0.4720523138832998,23.03399433427762,24.50334075723831,48.86968838526912,30.761467889908257,63.3907284768212,27.338414634146343,2.0553191489361704
2021-03-12,0.4218363273453094,19.018372703412076,24.47379454926625,44.75590551181102,33.52407407407407,64.97435897435898,24.613003095975237,3.5541666666666667
2021-03-13,0.4017338709677419,11.05513784461153,22.65858585858586,34.86967418546366,38.29055258467023,69.98498498498499,33.19614147909968,11.97813121272366
2021-03-14,0.3678630705394191,5.428571428571429,19.032854209445585,25.395408163265305,40.154545454545456,59.21341463414634,27.321543408360128,3.5040650406504064
2021-03-15,0.3557175398633257,7.422535211267606,20.892938496583145,29.104225352112675,38.935353535353535,56.55688622754491,26.96794871794872,3.414746543778802
2021-03-16,0.3703950103950104,12.644110275689224,21.274949083503056,34.75689223057644,31.074866310160427,56.41284403669725,23.42763157894737,2.115853658536585
2021-03-17,0.2948590021691974,11.022388059701491,18.156626506024097,30.48009950248756,35.52622377622377,51.815561959654175,21.15644171779141,2.67935871743487
2021-03-18,0.2224,3.262376237623762,18.548387096774192,22.309405940594058,35.41385435168739,52.75561797752809,23.206060606060607,3.291497975708502
2021-03-19,0.3510229645093946,11.19675925925926,24.337142857142855,36.625,30.71350364963504,62.22752808988764,29.177710843373493,10.37787056367432
2021-03-20,0.3909394572025052,12.858796296296296,25.12144212523719,38.94907407407408,32.6442831215971,64.20277777777778,30.92559523809524,19.579166666666666
2021-03-21,0.3649882352941176,6.571052631578947,19.40958605664488,26.96578947368421,40.13664596273292,50.16573033707865,26.48955223880597,6.362352941176471
2021-03-22,0.3465350877192982,11.772058823529411,20.001984126984127,32.502450980392155,31.51515151515152,47.96571428571429,19.930513595166165,2.0082474226804123
2021-03-23,0.3373125,12.73611111111111,19.937262357414447,33.423611111111114,30.045289855072465,49.452574525745256,18.44891640866873,1.5445920303605314
2021-03-24,0.3583686440677966,16.06413301662708,21.09477756286267,37.93824228028504,30.11640211640212,57.51376146788991,20.50871080139373,1.4806629834254144
2021-03-25,0.4427886710239651,16.558472553699286,23.801941747572812,41.03341288782816,35.00532859680284,56.483050847457626,25.010416666666668,1.5454545454545454
2021-03-26,0.4871495327102804,16.67012987012987,25.22083333333333,43.08051948051948,35.91803278688525,68.5849582172702,31.649446494464943,2.7295238095238097
2021-03-27,0.496225,13.627565982404692,24.16509433962264,39.46627565982405,45.43877551020408,74.71808510638297,36.06844106463878,2.745726495726496
2021-03-28,0.3503761061946903,5.881481481481481,18.196787148594375,24.57777777777778,38.14652014652015,112.8477690288714,34.954372623574145,3.3282442748091605
2021-03-29,0.2569777777777778,4.444168734491315,15.295180722891564,20.590570719602976,34.13186813186813,43.43979057591623,16.66906474820144,3.3186180422264875
2021-03-30,0.3737367303609342,11.212616822429906,20.670520231213874,32.83644859813084,36.25,66.81060606060606,26.92434210526316,4.847145488029466
2021-03-31,0.3467820773930753,9.837264150943396,21.871153846153845,32.51650943396226,36.44669117647059,74.6926952141058,25.59259259259259,1.6346153846153846
2021-04-01,0.1159166666666666,1.9730392156862744,8.061630218687872,10.345588235294118,30.2014652014652,41.887468030690535,11.745398773006135,0.9689320388349516
2021-04-02,0.143,1.8737113402061856,9.042462845010617,11.16237113402062,26.725806451612904,24.42663043478261,6.968965517241379,1.7874493927125503
2021-04-03,0.1968893129770992,5.170560747663552,13.643129770992369,19.24532710280374,29.866788321167885,30.797101449275363,15.437908496732026,6.418079096045198
2021-04-04,0.2611216730038023,5.747099767981439,16.340304182509506,22.77494199535963,35.34,34.997093023255815,15.914473684210526,7.077946768060836
2021-04-05,0.3630769230769231,12.685314685314683,22.68451242829828,36.17948717948718,28.96323529411765,47.97941176470588,18.81379310344828,7.283524904214559
2021-04-06,0.3151637764932563,8.963963963963964,20.401129943502823,29.765765765765767,32.6067615658363,44.95415472779369,19.750819672131147,5.160680529300567
2021-04-07,0.3714624505928853,15.33257403189066,21.389432485322896,37.90432801822323,38.05233644859813,36.64893617021277,19.003115264797508,2.205940594059406
2021-04-08,0.3793973214285714,12.04177545691906,21.239910313901344,34.005221932114885,48.38379530916844,51.31967213114754,23.89389067524116,1.913140311804009
2021-04-09,0.3871574642126789,10.726190476190476,23.115853658536587,34.804761904761904,45.22222222222222,48.97802197802198,24.53205128205128,1.7020408163265306
2021-04-10,0.3455114822546973,8.533169533169533,22.31013916500994,31.92874692874693,44.88270377733598,49.43243243243244,24.771704180064308,1.910536779324056
2021-04-11,0.3172025052192067,6.217283950617284,19.01197604790419,26.185185185185187,44.88223552894212,48.41867469879518,26.246794871794872,2.339321357285429
2021-04-12,0.4210084033613445,14.022277227722771,22.058,36.99752475247525,42.234,60.78370786516854,34.275080906148865,1.932
2021-04-13,0.4472008547008547,11.07,24.93047034764826,37.13,44.04303278688525,60.70845481049562,35.0,1.8729508196721312
2021-04-14,0.4259904534606205,14.390581717451523,22.909297052154194,38.42382271468144,44.595454545454544,50.45871559633027,28.98233215547703,1.809090909090909
2021-04-15,0.3598504273504273,11.98581560283688,23.453488372093023,36.25059101654846,44.86546184738956,42.61647727272727,23.323843416370103,1.5252525252525253
2021-04-16,0.4317209302325581,14.874015748031496,24.01050420168067,40.15748031496063,48.01673640167364,56.62769230769231,30.088461538461537,2.1674008810572687
2021-04-17,0.4317401392111369,15.180628272251308,22.711297071129707,38.78795811518325,41.53138075313807,66.92469879518072,31.711026615969583,2.623348017621145
2021-04-18,0.3058536585365853,6.307125307125308,16.829025844930417,23.35872235872236,36.11776447105788,52.52597402597402,29.087591240875916,1.5735294117647058
2021-04-19,0.3977954545454545,21.65458937198068,20.3399209486166,42.68115942028985,35.79809523809524,53.01190476190476,27.33797909407665,1.5145228215767634
2021-04-20,0.417161125319693,25.277620396600568,22.386727688787182,49.01133144475921,40.45393258426967,64.06006006006007,30.944444444444443,2.321016166281755
2021-04-21,0.4323841059602649,14.425,24.05040322580645,39.475,41.41011235955056,86.07552870090635,51.795138888888886,6.57979797979798
2021-04-22,0.385137420718816,12.5947242206235,22.251461988304094,36.28776978417266,44.23571428571429,68.73275862068965,41.09025270758123,2.523529411764706
2021-04-23,0.4174947807933194,12.159313725490197,24.05168986083499,37.84558823529412,44.65335753176044,77.4774011299435,45.03157894736842,2.926441351888668
2021-04-24,0.4082773109243697,12.007425742574258,22.754,35.47524752475248,48.73175182481752,81.49230769230769,46.51636363636364,2.8433734939759034
2021-04-25,0.2567252747252747,2.9545454545454546,15.646341463414634,19.424242424242426,44.98292220113852,63.68,39.56060606060606,2.811359026369169
2021-04-26,0.3629050279329609,10.488888888888887,21.31025641025641,33.17460317460318,50.88106796116505,61.92831541218638,35.88976377952756,2.1822916666666665
2021-04-27,0.3690769230769231,10.9556135770235,24.133611691022963,36.87728459530026,49.81709741550696,62.79804560260586,35.733333333333334,2.1336116910229643
2021-04-28,0.3082588235294117,8.333333333333334,19.77938144329897,29.45641025641025,48.0,66.18315018315019,32.43629343629344,1.9661733615221988
2021-04-29,0.3852643171806167,13.044226044226043,24.296222664015904,38.74201474201474,43.11293260473588,45.48355263157895,29.866920152091254,1.634
2021-04-30,0.429874213836478,11.88546255506608,26.48357664233577,39.08590308370045,34.03345070422535,57.670553935860056,37.251633986928105,1.562874251497006
2021-05-01,0.3259315589353612,9.482222222222225,18.05494505494505,28.07111111111111,34.675438596491226,47.42153846153846,31.84193548387097,1.056112224448898
2021-05-02,0.2985380116959064,4.830985915492958,14.849019607843138,20.016431924882628,37.530956848030016,46.26627218934911,27.209003215434084,1.071574642126789
2021-05-03,0.2883680555555555,12.44375,16.01909722222222,29.0625,34.151666666666664,48.40361445783133,23.706451612903223,1.177536231884058
2021-05-04,0.2943174061433447,11.31198347107438,17.379310344827587,29.644628099173552,42.85950413223141,50.35672514619883,25.89130434782609,1.3662477558348294
2021-05-05,0.2836789297658862,3.234126984126984,17.653333333333332,21.515873015873016,42.017656500802566,48.46131805157593,30.25249169435216,1.5495652173913044
2021-05-06,0.230191637630662,5.253578732106339,15.302608695652172,20.826175869120654,33.89193548387097,28.706270627062707,18.48,0.7956600361663653
2021-05-07,0.1817429577464789,4.459119496855346,13.076788830715532,17.939203354297693,35.80927835051546,30.02994011976048,15.933797909407666,0.8832997987927566
2021-05-08,0.2919962686567164,8.081720430107527,17.422138836772984,25.767741935483876,43.444636678200695,35.82596685082873,22.56508875739645,4.787937743190661
2021-05-09,0.3133922829581994,3.670476190476191,16.92270531400966,21.10857142857143,42.41492537313433,35.68125,25.464285714285715,1.6149825783972125
2021-05-10,0.2957996768982229,6.112810707456979,16.982229402261712,23.54684512428298,46.08395802098951,31.378125,22.027027027027028,2.938704028021016
2021-05-11,0.3027860696517413,6.36144578313253,18.41077441077441,25.52409638554217,38.20245398773006,30.96485623003195,23.838006230529597,2.0899280575539567
2021-05-12,0.3216808149405772,9.773305084745765,19.605309734513277,29.89406779661017,35.64390243902439,26.92526690391459,17.911971830985916,1.483558994197292
2021-05-13,0.1935121107266436,4.676356589147287,14.380067567567568,19.18798449612403,23.55436447166922,14.160409556313994,8.1,0.9671532846715328
2021-05-14,0.2268602540834845,4.641758241758242,15.709369024856596,20.630769230769232,26.17940199335548,14.773291925465838,7.704615384615384,0.9717741935483872
2021-05-15,0.2995968992248062,7.382857142857143,19.312399355877616,27.01142857142857,29.652236652236653,28.994202898550725,17.056022408963585,2.263525305410122
2021-05-16,0.219757281553398,2.27710843373494,14.71283783783784,17.30722891566265,40.746686303387335,19.873417721518987,14.235119047619047,1.818996415770609
2021-05-17,0.3037213114754098,6.055441478439425,18.59724612736661,25.16221765913758,43.40409956076135,23.96511627906977,15.867816091954024,0.9342806394316164
2021-05-18,0.3708064516129032,7.231517509727626,23.19672131147541,31.08365758754864,40.44817927170868,28.310249307479225,17.454545454545453,1.008361204013378
2021-05-19,0.3063760683760684,9.26906779661017,18.93838028169014,28.616525423728813,41.926144756277694,30.780898876404493,18.678466076696164,0.9181494661921707
2021-05-20,0.2966033755274261,10.495283018867925,20.14629258517034,30.96933962264151,49.47256637168142,35.460732984293195,18.542087542087543,3.4770833333333333
2021-05-21,0.270506329113924,8.604989604989605,18.421143847487,28.07484407484408,46.56086286594761,39.37845303867403,19.698961937716263,3.0361663652802893
2021-05-22,0.2329401088929219,5.321503131524008,16.67595818815331,22.626304801670145,46.806501547987615,35.74563591022444,18.74772036474164,2.5527272727272727
2021-05-23,0.2194805194805194,2.143478260869565,12.413669064748202,15.07391304347826,46.00944881889764,37.309462915601024,24.02439024390244,4.5
2021-05-24,0.2240850277264325,3.816067653276956,15.566844919786096,19.6553911205074,40.9559748427673,26.82460732984293,15.523076923076925,2.059040590405904
2021-05-25,0.3225276752767527,8.622448979591837,19.75800711743772,28.16734693877551,34.1247947454844,34.38944723618091,18.338762214983717,1.5352380952380953
2021-05-26,0.2966191446028513,9.830769230769231,18.6023166023166,28.43076923076923,36.12673611111112,40.84018264840183,18.633333333333333,3.191532258064516
2021-05-27,0.2667736185383244,7.881091617933723,17.716239316239317,25.6374269005848,39.60730593607306,35.95754716981132,18.03098591549296,3.7379679144385034
2021-05-28,0.3474028268551237,9.072243346007603,20.100502512562816,29.195817490494296,47.91376701966717,44.67881548974943,23.834688346883468,5.604609929078015
2021-05-29,0.2688266199649737,4.204588910133843,15.39327731092437,19.82982791586998,46.02848575712144,49.84140969162996,26.50131926121372,2.1385964912280704
2021-05-30,0.2223076923076923,3.553435114503817,14.276845637583891,18.028625954198475,36.34880239520958,33.30444444444444,17.44764397905759,1.2045454545454546
2021-05-31,0.2579035250463822,7.931106471816284,16.96733212341198,24.8580375782881,37.06761006289308,40.56038647342995,20.56382978723404,1.956043956043956
2021-06-01,0.3046753246753246,7.978622327790974,16.42323651452282,24.40855106888361,40.802656546489565,42.88366336633664,22.123595505617978,6.844943820224719
2021-06-02,0.2988550983899821,3.83852140077821,17.64505119453925,21.470817120622566,30.464831804281346,23.905759162303664,12.865102639296188,2.080438756855576
2021-06-03,0.3226325411334552,4.454918032786885,20.22540250447227,24.7172131147541,31.13387096774193,23.37333333333333,15.877245508982035,1.166351606805293
2021-06-04,0.5439145299145299,11.227626459143968,27.061433447098977,38.038910505836576,20.96904024767802,24.26771653543307,19.079178885630498,1.25
2021-06-05,0.4968166666666667,12.335227272727272,23.215,35.50757575757576,30.115151515151517,29.8372641509434,22.977337110481585,2.485
2021-06-06,0.3719491525423729,4.9324324324324325,18.8135593220339,23.944015444015445,39.46296296296296,25.83412322274881,17.1484593837535,1.993220338983051
2021-06-07,0.3436627906976744,11.657596371882086,21.73611111111111,33.71655328798186,37.89502762430939,31.649289099526065,14.430594900849858,1.936046511627907
2021-06-08,0.408972602739726,12.035087719298245,25.857876712328768,37.48927875243665,42.01442307692308,36.08536585365854,19.95808383233533,1.4545454545454546
2021-06-09,0.4039363484087102,7.122040072859745,22.161030595813205,28.92349726775956,33.00777604976672,40.12626262626262,27.34375,3.1588628762541804
2021-06-10,0.212248322147651,6.412408759124087,16.801612903225806,23.27919708029197,26.975155279503102,23.29490616621984,11.495081967213114,4.439597315436242
2021-06-11,0.3012162162162162,7.795246800731261,20.2224025974026,28.08043875685557,24.18670886075949,20.834224598930483,11.788079470198676,4.6058020477815695
2021-06-12,0.2881818181818182,4.3893129770992365,17.028523489932887,21.24236641221374,21.62204724409449,19.21686746987952,12.883636363636365,1.4591304347826086
2021-06-13,0.361156862745098,4.360934182590234,15.709737827715356,19.910828025477706,24.36284722222222,14.53993610223642,12.60431654676259,1.5497076023391814
2021-06-14,0.2798947368421052,7.57088122605364,13.328282828282829,20.865900383141764,12.84423676012461,8.962962962962964,5.195833333333334,0.9595782073813708
2021-06-15,0.1913824057450628,4.3580246913580245,10.956989247311828,15.393004115226338,21.818481848184817,14.647058823529411,6.456140350877193,0.8833034111310593
2021-06-16,0.192512647554806,2.6193181818181817,11.89482470784641,14.62878787878788,37.117465224111285,17.871641791044777,9.396428571428572,2.0154109589041096
2021-06-17,0.1934401349072512,3.21455223880597,11.78125,15.031716417910449,25.691842900302117,14.712737127371271,6.9588014981273405,1.106060606060606
2021-06-18,0.2939382940108893,7.304979253112033,15.1873840445269,22.414937759336095,18.394389438943893,13.839181286549708,6.609561752988048,0.9595782073813708
2021-06-19,0.1900207468879668,7.109785202863962,8.224066390041493,15.331742243436754,11.383486238532113,8.82991202346041,2.8493150684931505,0.7468879668049793
2021-06-20,0.2726545454545455,7.22964509394572,11.590909090909092,18.768267223382047,19.09967845659164,13.427777777777775,5.946280991735537,0.9236363636363636
2021-06-21,0.3961552680221811,13.395744680851063,18.53321033210332,31.963829787234044,29.23076923076923,24.453551912568305,15.360869565217392,1.5249537892791127
2021-06-22,0.3846739130434782,8.675,21.315217391304348,29.86875,33.37339743589744,23.948275862068964,16.295454545454547,1.3284936479128855
2021-06-23,0.3520825852782764,7.71340206185567,20.93895870736086,28.6659793814433,26.75039494470774,18.143576826196472,9.491408934707904,1.438305709023941
2021-06-24,0.3854673721340388,11.156976744186046,20.68027210884354,31.50581395348837,24.85220125786164,24.07286432160804,17.083333333333332,1.650709219858156
2021-06-25,0.4533742331288343,18.378923766816143,19.56974459724951,37.84977578475336,13.383486238532113,17.68586387434555,9.376947040498443,1.5040322580645162
2021-06-26,0.2413333333333333,8.44558521560575,12.222429906542056,20.813141683778237,16.91830065359477,12.795969773299747,6.183333333333334,0.8275229357798165
2021-06-27,0.2200522648083623,5.713147410358566,10.734545454545454,16.683266932270918,11.311897106109324,8.218487394957982,4.447368421052632,0.7418181818181818
2021-06-28,0.2753321678321678,9.284,13.861888111888112,23.346,12.73136645962733,10.894117647058824,5.232283464566929,0.8485401459854015
2021-06-29,0.3986964285714285,13.343558282208589,20.37857142857143,33.65235173824131,16.120253164556964,16.678571428571427,10.032967032967033,0.9309701492537312
2021-06-30,0.4192063492063492,11.00235849056604,20.602434077079103,31.15801886792453,17.553043478260868,22.25526315789474,16.05536332179931,1.0229166666666667
2021-07-01,0.3935334872979215,9.37844611528822,20.0,29.09523809523809,15.919075144508671,18.522959183673468,12.012158054711248,1.0894495412844036
2021-07-02,0.4466793893129771,14.404255319148936,19.57933579335793,33.85531914893617,13.302521008403362,16.36082474226804,11.222950819672132,1.0562248995983936
2021-07-03,0.4464859813084112,16.845010615711253,18.7219152854512,35.261146496815286,11.590759075907592,19.444162436548226,10.644654088050316,1.1122047244094488
2021-07-04,0.5420588235294118,14.186440677966102,20.341911764705884,34.08898305084746,25.882736156351797,25.75,18.06269592476489,1.515384615384615
2021-07-05,0.498037037037037,15.474358974358974,22.69814814814815,38.38247863247863,30.936274509803923,28.65374677002584,20.03448275862069,2.197696737044146
2021-07-06,0.5646470588235294,14.926406926406926,27.90074906367041,42.54545454545455,30.692561983471077,33.98011363636363,24.11764705882353,2.7590822179732317
2021-07-07,0.5813716814159292,15.397619047619049,26.444444444444443,42.016666666666666,33.80430879712747,40.80160857908847,27.645454545454545,3.5474137931034484
2021-07-08,0.39591796875,5.785714285714286,20.693404634581107,26.493877551020407,25.022364217252395,24.52278820375335,15.347432024169184,1.71875
2021-07-09,0.3117214700193423,9.327902240325866,15.437722419928823,25.016293279022403,21.580847723704867,18.814814814814813,9.433898305084746,1.4758220502901354
2021-07-10,0.3845009784735812,8.008163265306122,19.072953736654803,27.11020408163265,28.93883792048929,29.82321899736148,17.811912225705328,1.303370786516854
2021-07-11,0.2773622047244095,3.63768115942029,13.612612612612612,17.13871635610766,34.95813953488372,31.936507936507937,22.14375,3.637218045112782
2021-07-12,0.2840909090909091,7.095744680851064,15.911439114391143,23.046808510638296,32.77777777777778,45.40845070422535,20.72809667673716,1.830708661417323
2021-07-13,0.4222685185185185,8.12590799031477,22.707724425887264,30.37772397094431,21.111510791366907,33.608450704225355,19.652567975830816,3.1079913606911447
2021-07-14,0.3175142314990512,8.086693548387096,18.718309859154928,26.661290322580644,23.440625,27.190217391304348,15.720496894409935,1.5496323529411764
2021-07-15,0.33765595463138,6.582178217821782,19.87521663778163,26.514851485148515,19.953775038520803,25.468926553672315,15.481727574750831,3.2450090744101634
2021-07-16,0.3846350364963504,13.278095238095238,17.559463986599663,30.613333333333333,21.952095808383238,29.332425068119893,14.620253164556962,1.431372549019608
2021-07-17,0.3172413793103448,10.074003795066414,16.32220367278798,26.426944971537,24.149253731343283,44.62565445026178,22.4955223880597,3.3460869565217397
2021-07-18,0.2672862453531598,5.848543689320389,14.304940374787051,20.128155339805826,27.76651305683564,29.935211267605634,16.355987055016183,3.9370503597122304
2021-07-19,0.2693695652173913,8.167037861915368,15.598058252427183,23.899777282850778,35.089473684210525,24.22222222222222,12.367857142857142,2.379454926624738
2021-07-20,0.3572746331236897,8.81304347826087,21.122180451127814,29.80434782608696,28.27150084317032,28.63537906137184,17.670411985018728,3.019723865877712
2021-07-21,0.3321553398058252,10.43838383838384,19.81305114638448,30.036363636363635,27.23704866562009,28.646840148698885,16.87713310580205,1.3440285204991087
2021-07-22,0.3436068702290076,9.50390625,21.948630136986303,31.080078125,25.32930513595166,25.756521739130434,14.570063694267516,1.2288732394366195
2021-07-23,0.3509653916211293,12.438,18.03846153846154,30.384,30.99090909090909,46.86764705882353,22.59493670886076,3.50531914893617
2021-07-24,0.308040293040293,10.876494023904382,17.425087108013937,28.225099601593627,39.9859375,51.654545454545456,24.59933774834437,4.1060329067641685
2021-07-25,0.3332059447983015,6.748847926267281,17.486,24.0852534562212,35.62007168458781,26.52365930599369,15.326241134751774,1.5567226890756305
2021-07-26,0.3941304347826087,13.136904761904765,21.56076388888889,34.529761904761905,28.90571870170016,24.902439024390244,13.883720930232558,1.6503623188405796
2021-07-27,0.3950983899821109,12.344195519348268,20.939609236234457,33.091649694501015,32.335974643423135,31.569060773480665,16.953271028037385,3.882770870337478
2021-07-28,0.2857271095152603,5.0251572327044025,16.985428051001822,22.0335429769392,30.29173166926677,29.3133514986376,16.788690476190474,1.3786764705882353
2021-07-29,0.2203703703703703,4.888421052631579,13.482504604051565,18.467368421052637,30.769953051643192,25.63243243243243,12.34451219512195,1.116412213740458
2021-07-30,0.2936309523809524,6.955223880597015,15.377079482439926,22.09808102345416,19.11513157894737,16.81756756756757,8.362989323843417,0.9454191033138402
2021-07-31,0.4066401590457256,11.85354691075515,20.226,31.81693363844393,25.73728813559322,34.63661971830986,18.633522727272727,2.0
2021-08-01,0.4215692821368948,8.075396825396826,19.54878048780488,27.38492063492064,28.1089552238806,25.07807807807808,16.4955223880597,1.8614357262103507
2021-08-02,0.3711428571428571,12.498997995991983,19.03333333333333,31.56513026052104,29.211332312404288,25.24137931034483,14.665625,1.7592592592592593
2021-08-03,0.3336769759450171,10.022633744855968,20.53584229390681,30.56378600823045,20.874425727411943,19.46394984326019,12.374251497005988,1.0670103092783505
2021-08-04,0.3229776247848537,9.599585062240664,19.112115732368892,28.863070539419088,24.45468509984639,25.34670487106017,16.4792899408284,1.0924956369982548
2021-08-05,0.2667641996557659,7.685370741482965,16.345454545454544,23.769539078156317,28.65512048192771,22.180281690140845,12.753581661891117,1.1364452423698383
2021-08-06,0.3109090909090909,6.938636363636364,18.133064516129032,24.90909090909091,26.24137931034483,26.3954802259887,14.359773371104817,1.1068548387096775
2021-08-07,0.2929716193656093,5.658051689860835,16.925217391304347,22.095427435387677,30.60757575757576,29.072222222222223,18.60833333333333,2.42608695652174
2021-08-08,0.3336,4.869047619047619,17.072916666666668,21.48809523809524,23.346625766871167,20.71633237822349,13.942528735632184,1.6597222222222223
2021-08-09,0.4551351351351351,14.56686626746507,21.01570680628272,35.14570858283433,24.9765625,25.997041420118343,15.792284866468842,1.0445632798573976
2021-08-10,0.2824137931034483,10.11340206185567,15.838420107719928,25.69896907216495,30.461049284578696,28.439093484419264,14.119402985074627,1.3707865168539326
2021-08-11,0.2979717813051146,7.18895966029724,18.624309392265197,25.225053078556265,30.69016393442623,24.602857142857143,13.565597667638484,1.283236994219653
2021-08-12,0.361798245614035,11.012562814070352,19.613882863340564,30.57035175879397,35.76359832635983,30.04320987654321,16.900293255131963,3.055023923444976
2021-08-13,0.4159816513761468,11.050632911392404,22.34317343173432,33.050632911392405,28.46842105263158,31.8,17.959119496855347,2.450199203187251
2021-08-14,0.3001824817518248,6.1125,16.03846153846154,21.90833333333333,22.754180602006688,22.35855263157895,12.150819672131147,1.2523900573613769
2021-08-15,0.1603370786516854,2.238095238095238,10.08235294117647,12.341991341991342,28.527491408934708,18.445205479452056,9.144827586206896,1.555977229601518
2021-08-16,0.2077988614800759,4.103296703296703,13.82435129740519,17.89010989010989,30.7521815008726,22.84285714285714,10.658362989323845,2.246679316888045
2021-08-17,0.3733064516129032,7.547619047619047,20.69871794871795,27.659523809523808,25.565055762081784,26.683098591549296,13.865814696485623,1.2470355731225296
2021-08-18,0.4439308855291576,13.784313725490197,18.804195804195803,32.56372549019608,34.38742393509128,32.207142857142856,16.635761589403973,1.871900826446281
2021-08-19,0.2404952380952381,5.582251082251083,13.695473251028806,19.20779220779221,28.765232974910397,30.38783269961977,15.082781456953642,2.08785046728972
2021-08-20,0.2648713235294118,11.07563025210084,14.128598848368522,25.105042016806724,19.94425675675676,23.828685258964143,11.623333333333331,6.760223048327138
2021-08-21,0.3128130671506352,5.874739039665971,14.793168880455408,20.227557411273487,18.849117174959872,10.701195219123504,6.218637992831542,1.2976406533575318
2021-08-22,0.2730978260869565,4.266666666666667,12.87310606060606,17.002083333333335,23.71153846153846,14.679577464788732,9.410423452768727,0.967391304347826
2021-08-23,0.2410898661567877,7.7073170731707314,14.19438877755511,21.638580931263856,25.267676767676768,21.9811320754717,9.055944055944057,0.9751434034416826
2021-08-24,0.2544936708860759,5.408759124087592,14.512141280353202,19.727493917274938,21.60037174721189,19.698360655737705,7.974683544303797,1.0313807531380754
2021-08-25,0.1886702127659574,5.138888888888889,11.284600389863549,16.294871794871796,22.76442307692308,21.882758620689657,6.458333333333333,0.8037037037037037
2021-08-26,0.2158159722222222,4.639583333333333,12.723484848484848,17.245833333333334,26.35030864197531,31.985955056179776,11.700305810397554,0.9382940108892922
2021-08-27,0.3620767888307155,12.58280922431866,17.579047619047618,30.069182389937108,19.004651162790697,38.43854748603352,14.469325153374234,1.5796296296296295
2021-08-28,0.2552173913043478,8.925213675213675,11.21747572815534,20.09188034188034,12.371517027863778,14.739255014326648,5.248344370860927,0.8829981718464351
2021-08-29,0.3862300884955752,9.559550561797751,15.113590263691684,24.51011235955056,12.624213836477988,14.996904024767804,7.128378378378378,1.1072088724584104
2021-08-30,0.54603515625,17.903465346534652,22.02690582959641,39.46782178217822,10.424825174825177,16.291907514450866,9.968354430379748,1.1934156378600822
2021-08-31,0.4008156028368794,14.425389755011135,18.672032193158955,32.86636971046771,17.290880503144653,18.70919881305638,10.3971119133574,1.0745454545454545
2021-09-01,0.4889325842696629,9.986425339366516,24.477551020408164,34.05429864253394,19.992025518341308,19.537396121883656,12.389655172413793,1.1687612208258529
2021-09-02,0.4402120141342756,9.170731707317072,23.557407407407407,32.53861788617886,17.720364741641337,16.989159891598916,11.819727891156464,1.0863557858376511
2021-09-03,0.4872631578947368,13.572008113590265,23.0177304964539,36.93711967545639,16.57396449704142,17.07126436781609,12.277173913043478,0.8910891089108911
2021-09-04,0.3183774250440917,7.442764578833693,17.687265917602996,25.557235421166308,28.260802469135804,22.94117647058824,16.121052631578948,0.9537671232876712
2021-09-05,0.2867362428842505,5.360730593607306,14.161676646706589,19.78767123287671,25.120338983050846,24.237136465324383,15.029333333333334,3.255514705882353
2021-09-06,0.3506153846153846,6.707414829659319,19.481611208406303,26.609218436873743,25.83808095952024,16.565022421524663,11.94535519125683,1.2301324503311255
2021-09-07,0.3991287128712871,10.628175519630483,22.34959349593496,33.429561200923786,21.061872909699,15.370149253731345,10.825757575757576,0.92578125
2021-09-08,0.3874861367837338,12.050343249427918,19.69076305220884,32.162471395881006,29.850863422291997,19.53908355795148,12.828478964401295,1.0397727272727273
2021-09-09,0.2464079422382671,6.403470715835141,15.054716981132076,21.6941431670282,28.351681957186543,21.29326923076923,11.160237388724036,0.8256227758007118
2021-09-10,0.2151183970856102,3.331941544885177,13.663636363636364,17.308977035490607,33.36268656716418,22.45813953488372,9.729577464788733,0.6724738675958188
2021-09-11,0.2088842105263157,3.286407766990292,12.677894736842106,16.140776699029125,33.686106346483704,19.547785547785548,8.345930232558139,0.840080971659919
2021-09-12,0.1676630434782608,2.0586956521739133,10.176691729323307,12.445652173913045,26.63338301043219,11.957647058823529,5.996951219512195,0.7408695652173913
2021-09-13,0.2488212927756654,7.093078758949881,11.985743380855396,19.517899761336515,13.936102236421725,13.72079772079772,5.550420168067227,0.7204502814258912
2021-09-14,0.2796564195298373,11.66188524590164,11.927943760984183,23.93032786885246,14.570107858243452,17.005050505050505,5.250909090909091,0.7623400365630713
2021-09-15,0.4063620981387479,14.731313131313131,17.40695652173913,32.76969696969697,22.135135135135137,36.84848484848485,16.29608938547486,1.6869712351945854
2021-09-16,0.3707586206896551,7.039256198347108,17.08992805755396,24.702479338842974,24.36042944785276,37.20531400966184,22.196202531645568,1.4051724137931034
2021-09-17,0.4396837944664031,9.250564334085778,22.539772727272727,32.207674943566595,31.28429752066116,30.827433628318584,19.65689149560117,2.194831013916501
2021-09-18,0.2826409017713365,5.596190476190476,16.758899676375403,22.569523809523808,22.92796610169492,20.47956989247312,13.034574468085106,1.35702746365105
2021-09-19,0.239967897271268,3.876660341555977,13.736757624398074,17.72865275142315,19.69958275382476,10.432367149758454,6.736677115987461,0.8346709470304976
2021-09-20,0.4404684975767367,12.254716981132075,20.924071082390952,33.556603773584904,24.69479606188467,24.827814569536425,15.035230352303524,1.238562091503268
2021-09-21,0.3734890965732087,12.105751391465676,18.828346456692916,31.205936920222637,30.724279835390945,35.72515856236787,20.35323383084577,4.498366013071895
2021-09-22,0.1767298578199052,5.458866544789762,12.721183800623052,18.39122486288848,24.742547425474253,22.559652928416487,9.35904255319149,0.9223300970873788
2021-09-23,0.2707858546168958,11.239915074309978,16.966911764705884,28.609341825902334,23.171114599686028,25.31130063965885,10.554430379746837,1.1634980988593155
2021-09-24,0.2957212317666126,10.510054844606946,18.44461778471139,29.089579524680072,27.05734265734266,31.472457627118644,14.465994962216625,2.432739059967585
2021-09-25,0.3090544871794872,9.980072463768115,18.00462962962963,28.268115942028984,27.012096774193548,35.98326359832636,19.84729064039409,2.313213703099511
2021-09-26,0.2488341543513957,3.737430167597765,14.143759873617691,18.242085661080075,34.67078189300412,29.292035398230087,18.349081364829395,4.128521126760563
2021-09-27,0.3380327868852459,11.252808988764045,18.466666666666665,30.40262172284644,23.961432506887054,21.61556603773585,10.775456919060051,1.0894736842105264
2021-09-28,0.4198299319727891,14.368932038834952,21.735632183908045,36.89708737864078,23.80225988700565,30.351039260969976,15.064343163538874,1.1936056838365896
2021-09-29,0.4443238095238095,15.165178571428571,21.401140684410645,36.94642857142857,39.19677419354839,36.80541871921182,21.71153846153846,1.9837067209775967
2021-09-30,0.4596153846153846,14.466793168880455,24.311897106109324,39.30170777988615,24.65895953757225,30.30075187969925,19.652567975830816,1.3868092691622105
2021-10-01,0.4953266331658291,16.946666666666665,24.18035426731079,41.41254752851711,17.826589595375722,21.5352798053528,11.848765432098766,1.1003649635036497
2021-10-02,0.5208180300500834,17.593090211132438,19.8262987012987,37.81957773512476,35.233333333333334,30.411899313501145,18.687830687830687,1.2431941923774954
2021-10-03,0.2444107744107744,2.7049808429118776,12.558441558441558,15.386973180076629,29.1321044546851,15.796954314720812,11.991202346041057,1.4134790528233152
2021-10-04,0.2191127541589649,6.477366255144033,13.021238938053097,19.54732510288066,19.983633387888705,17.117962466487935,8.15170278637771,0.9980392156862744
2021-10-05,0.2407372400756143,6.652267818574514,13.89463955637708,20.598272138228943,17.10927152317881,15.26851851851852,6.779503105590062,0.9940828402366864
2021-10-06,0.3210894308943089,6.4568807339449545,18.669796557120502,24.95596330275229,17.738396624472575,20.2392776523702,10.725761772853186,0.9294320137693632
2021-10-07,0.342807881773399,7.322160148975791,18.50552922590837,25.91620111731844,28.52353780313837,28.87606837606837,15.202072538860104,3.1225577264653643
2021-10-08,0.3640630182421227,11.772128060263654,19.58213716108453,31.768361581920903,25.59025787965616,30.03879310344828,12.71875,5.416812609457093
2021-10-09,0.3247579298831385,6.062618595825427,16.52327447833066,22.84819734345351,30.142446043165467,33.152688172043014,19.476608187134502,5.255652173913044
2021-10-10,0.3414833333333333,8.842504743833016,15.881028938906752,25.058823529411764,26.34870317002882,21.46786632390745,8.449799196787149,1.3201438848920863
2021-10-11,0.5069980119284294,17.283653846153847,21.526838966202785,39.62980769230769,37.24149659863946,34.28428927680798,15.925566343042073,2.0562770562770565
2021-10-12,0.4414462081128747,19.767967145790557,21.25301204819277,41.51745379876797,25.85045317220544,30.5718085106383,13.235714285714286,1.337837837837838
2021-10-13,0.4536062717770034,22.717131474103585,20.7809364548495,44.26892430278885,24.513432835820897,33.410526315789475,13.446945337620578,1.44106463878327
2021-10-14,0.433950177935943,21.32359081419624,19.713043478260868,41.536534446764094,31.31914893617021,39.862258953168045,18.233644859813083,2.095330739299611
2021-10-15,0.3643214285714286,15.40041928721174,18.774869109947645,34.64989517819706,25.01649175412294,36.8578811369509,16.485342019543975,1.3859315589353611
2021-10-16,0.1990606653620352,7.842794759825328,12.111524163568774,20.096069868995635,21.056384742951906,29.86238532110092,11.125,0.8364779874213837
2021-10-17,0.2013900414937759,2.973621103117506,11.930555555555555,15.038369304556356,23.372250423011845,12.272727272727272,5.704225352112676,0.7586206896551724
2021-10-18,0.3919074074074074,16.378723404255318,19.20781527531084,35.86808510638298,24.00910470409712,29.154046997389035,12.936454849498327,1.3804971319311663
2021-10-19,0.4148518518518518,18.48706896551724,20.769369369369368,39.65086206896552,28.3944099378882,33.418546365914786,15.10625,2.449612403100775
2021-10-20,0.4195445920303605,14.195604395604397,21.18693284936479,35.76483516483516,26.59814528593509,47.209476309226936,27.164133738601823,3.242884250474383
2021-10-21,0.2377437858508604,6.353982300884955,15.271897810218976,21.73672566371681,16.660347551342813,25.853535353535356,10.248427672955977,3.36223506743738
2021-10-22,0.2709447415329768,10.127155172413794,15.825,25.933189655172413,14.599388379204893,22.99746192893401,8.699367088607595,1.332089552238806
2021-10-23,0.3521529175050302,12.668304668304668,17.93762575452716,30.815724815724817,26.45890410958904,35.58186397984887,20.93159609120521,3.3135245901639343
2021-10-24,0.3186086956521739,8.629166666666666,14.848695652173912,24.00625,18.96572280178837,19.978835978835978,10.472413793103447,1.489010989010989
2021-10-25,0.5626760563380282,32.52966101694916,18.34683098591549,51.0021186440678,10.50301204819277,30.953757225433527,12.988549618320612,1.4884615384615385
2021-10-26,0.4629964539007092,27.45940170940171,16.813499111900533,44.57264957264957,19.222919937205653,32.68562874251497,12.476923076923075,1.5805825242718448
2021-10-27,0.3844505494505494,18.77142857142857,17.10036496350365,36.32967032967033,20.543548387096774,29.09315068493151,10.363333333333332,1.263358778625954
2021-10-28,0.5272639691714837,23.34433962264151,25.023076923076925,48.615566037735846,28.39122486288848,39.51980198019802,21.919308357348704,1.9979253112033195
2021-10-29,0.52052738336714,17.094292803970223,27.006085192697768,44.34739454094293,30.49077490774908,41.94299287410927,28.654696132596683,4.426724137931035
2021-10-30,0.4617353951890034,18.007952286282308,26.674457429048413,45.22465208747515,26.33485540334856,41.88753056234719,22.067750677506776,6.895716945996275
2021-10-31,0.4330195381882771,11.74745417515275,22.228279386712096,34.55193482688391,33.44881889763779,34.53865336658354,19.677871148459385,2.281007751937985
2021-11-01,0.4034525939177102,12.901498929336189,24.42273534635879,37.61456102783726,26.388349514563107,40.24111675126903,19.445054945054945,4.342967244701349
2021-11-02,0.3247186932849364,15.52235294117647,21.120921305182343,37.02588235294117,23.42070116861436,33.017721518987344,14.486567164179103,5.26875
2021-11-03,0.4833834586466165,25.87469287469288,28.123732251521297,55.06633906633907,23.105172413793102,38.9179104477612,17.52394366197183,8.521739130434783
2021-11-04,0.3955711422845691,19.967914438502675,26.941048034934497,47.07446808510638,24.16725978647687,45.42892156862745,20.2992125984252,11.50759219088937
2021-11-05,0.3700176991150442,14.52112676056338,25.013409961685824,40.26995305164319,23.303459119496857,41.37595907928389,20.065753424657533,3.597678916827853
2021-11-06,0.3219141323792486,17.373949579831933,22.76923076923077,40.39495798319328,24.49465648854962,36.05176470588236,16.058171745152354,5.35754189944134
2021-11-07,0.259,8.016666666666667,17.816363636363636,26.166666666666668,29.38080495356037,29.30424528301887,14.11830985915493,5.612167300380228
2021-11-08,0.3535955056179775,15.647186147186147,22.777153558052436,38.88961038961039,27.971337579617835,39.06896551724138,18.63095238095238,5.3713163064833
2021-11-09,0.3675697211155379,14.55829596412556,26.548707753479125,41.33183856502242,27.96989966555184,50.45544554455446,25.967532467532468,8.253763440860215
2021-11-10,0.5328008752735229,18.543478260869566,30.48008385744235,50.11352657004831,41.55343511450382,56.387445887445885,25.29558011049724,4.413965087281795
2021-11-11,0.4296792452830189,16.119148936170212,27.08703703703704,43.87234042553192,30.212662337662337,51.85652173913044,18.94535519125683,2.141649048625793
2021-11-12,0.2968738574040219,13.231237322515211,22.94690265486725,36.51521298174442,27.09228441754917,37.84745762711864,14.04,3.136538461538461
2021-11-13,0.1927321428571428,6.190573770491803,17.10892857142857,23.526639344262296,25.350850077279752,35.65207877461707,14.749295774647887,4.750479846449136
2021-11-14,0.2468118466898954,6.399602385685885,16.784347826086957,23.520874751491053,28.40512048192771,29.297482837528605,15.248520710059172,1.370722433460076
2021-11-15,0.2445045045045045,9.475103734439834,19.10488245931284,28.84854771784232,25.998456790123456,33.08988764044944,13.451704545454543,4.049618320610687
2021-11-16,0.4938689217758985,24.029776674937967,30.15450643776824,55.0545905707196,29.361216730038024,43.45804988662132,16.66565349544073,3.4566744730679155
2021-11-17,0.4965780141843972,21.365079365079364,31.109375,53.40873015873016,33.61189358372457,48.3632183908046,19.56140350877193,2.238955823293173
2021-11-18,0.429538188277087,21.18798449612403,27.32312925170068,49.310077519379846,29.40861812778603,52.15945330296128,19.504043126684635,1.738095238095238
2021-11-19,0.2416474464579901,6.651663405088063,18.65733113673805,25.54207436399217,17.546230440967282,28.752808988764045,11.528150134048255,1.40234375
2021-11-20,0.2954414125200642,9.840607210626183,20.51685393258427,30.81404174573055,24.196378830083564,30.898454746136867,14.70712401055409,1.4296296296296296
2021-11-21,0.3314927768860353,9.62167300380228,17.963149078726968,28.212927756653997,28.263386396526773,33.07912087912088,17.809895833333332,3.136363636363636
2021-11-22,0.2519512195121951,8.941964285714286,16.79647749510763,25.881696428571427,20.60033726812816,32.98639455782313,15.518207282913163,6.265392781316348
2021-11-23,0.3045906902086677,7.519924098671726,19.275459098497496,27.294117647058822,23.546762589928058,29.368171021377677,11.635327635327636,1.4646098003629764
2021-11-24,0.4914196567862715,19.98181818181818,24.94489465153971,45.514545454545456,17.69119769119769,36.58675799086758,16.349431818181817,3.8584229390681
2021-11-25,0.5290726429675425,21.687840290381125,25.181380417335472,47.50998185117968,27.31212121212121,51.74013921113689,25.659701492537312,3.8730434782608696
2021-11-26,0.309792663476874,8.204044117647058,19.846875,28.685661764705884,27.09256449165402,37.78787878787879,19.306990881458965,3.096830985915493
2021-11-27,0.5357868852459017,20.817843866171003,27.08832807570978,48.99628252788104,32.06980056980057,51.2488038277512,25.96273291925466,4.963979416809606
2021-11-28,0.4560194174757281,13.071748878923769,21.30754716981132,34.84977578475336,38.195615514333895,50.811414392059554,28.30194805194805,3.04251012145749
2021-11-29,0.3868666666666667,9.75,23.80666666666667,34.25,28.964285714285715,50.12315270935961,26.115384615384617,4.017361111111111
2021-11-30,0.5043525741029641,24.351247600767756,27.957860615883305,53.508637236084446,22.924444444444443,49.94774346793349,20.94478527607362,4.215
2021-12-01,0.4427287066246057,25.278625954198475,25.28405315614618,51.07442748091603,17.243491577335377,48.29016786570743,16.556270096463024,1.823834196891192
2021-12-02,0.4032398753894081,25.2118320610687,22.823825503355703,48.30152671755725,18.518796992481203,40.52522935779817,12.198250728862972,3.1153846153846154
2021-12-03,0.5638397328881469,31.673151750972764,30.26923076923077,62.525291828793776,17.014195583596216,49.0,18.72079772079772,5.131118881118881
2021-12-04,0.48625250501002,26.15592515592516,25.533203125,52.313929313929314,22.211786372007367,45.5752427184466,18.23684210526316,4.874251497005988
2021-12-05,0.5494059405940594,19.460550458715595,24.67656765676568,45.22018348623853,29.087155963302752,45.391799544419136,19.42972972972973,2.6672131147540985
2021-12-06,0.6748064516129032,23.115808823529413,33.84415584415584,58.33455882352941,32.278443113772454,56.65714285714286,27.266318537859007,2.056726094003241
2021-12-07,0.5503305785123966,21.067924528301887,32.07692307692308,54.14528301886792,27.93005952380953,50.83802816901409,22.478991596638654,1.8892561983471077
2021-12-08,0.7191720779220779,28.933823529411764,37.6546875,67.76654411764706,34.04796511627907,62.0972850678733,29.25994694960212,2.678048780487805
2021-12-09,0.8006151142355009,26.312625250501004,43.454072790294624,69.92585170340682,37.31502423263328,74.45933014354067,38.79946524064171,2.797127468581688
2021-12-10,0.7935151515151515,27.534278959810877,41.48185483870968,70.74231678486997,42.55536028119508,68.57274826789839,35.94262295081968,2.3844621513944224
2021-12-11,0.5723706176961603,23.61406844106464,31.776527331189712,56.27566539923954,36.00447093889717,70.21674876847291,30.514880952380956,2.621187800963082
2021-12-12,0.3447529812606473,7.784615384615384,21.318032786885247,29.732692307692307,30.29135053110774,43.71182266009852,25.407294832826747,1.70327868852459
2021-12-13,0.4600680272108843,21.961685823754788,26.29918699186992,48.77394636015325,23.03869969040248,44.27047146401985,19.552147239263803,3.127450980392157
2021-12-14,0.4418060200668896,24.309803921568623,27.283828382838283,52.02352941176471,22.04953560371517,46.29468599033817,20.355828220858896,6.150485436893204
2021-12-15,0.5454639175257732,26.837113402061856,31.61617900172117,59.55670103092783,27.391912908242613,57.45693779904306,25.1609907120743,5.745791245791246
2021-12-16,0.6552286282306163,31.824444444444445,35.140449438202246,68.09977827050997,31.374161073825505,61.54807692307692,27.656626506024097,3.97265625
2021-12-17,0.6184027777777777,28.74051896207585,33.28087986463621,63.44710578842315,25.3583460949464,54.58,24.738709677419354,2.2914485165794067
2021-12-18,0.6786596119929453,23.55668016194332,32.7864406779661,57.35627530364373,23.80060422960725,51.24038461538461,27.08282208588957,1.8271604938271604
2021-12-19,0.5703315881326353,17.923395445134574,26.379965457685664,44.98136645962733,24.91778774289985,47.39866369710467,26.22822822822823,3.157342657342657
2021-12-20,0.6311149825783973,28.872509960159363,30.04180602006689,59.5796812749004,14.418470418470418,49.57594936708861,24.46498599439776,2.7090592334494774
2021-12-21,0.667269372693727,36.01046025104603,31.333922261484098,67.90376569037657,22.916918429003022,56.55030800821356,27.545945945945945,5.283687943262412
2021-12-22,0.8143849206349206,40.97835497835498,37.51831501831502,79.36363636363636,26.064784053156146,61.00200803212852,26.076517150395777,4.784761904761905
2021-12-23,0.8119473684210526,46.485768500948765,37.27126805778491,84.38519924098672,19.25217391304348,62.14884696016772,23.81564245810056,4.293918918918919
2021-12-24,0.8927003484320557,50.499047619047616,32.61352657004831,83.86857142857143,18.488472622478387,59.86056644880174,23.8023598820059,3.4982578397212545
2021-12-25,0.6684521739130435,19.40996168582376,22.65857605177993,42.51724137931034,24.194244604316548,68.6804347826087,41.42603550295858,2.993322203672788
2021-12-26,0.5822862129144851,22.49203187250996,27.645484949832777,50.40637450199203,25.164265129683,43.45852534562212,22.039634146341463,5.160535117056856
2021-12-27,0.7551102941176471,32.5796178343949,35.206039076376555,69.33333333333333,29.32223903177005,63.07515657620042,27.70391061452514,3.2696428571428573
2021-12-28,0.58346,22.34474885844749,29.46743295019157,53.385844748858446,33.85808580858086,63.59538784067086,28.1927374301676,1.818702290076336
2021-12-29,0.5261592920353982,22.42828282828283,28.115059221658207,51.65656565656565,23.927745664739884,49.67937219730942,18.178125,1.2478777589134125
2021-12-30,0.8101174496644296,38.08548707753479,35.7822445561139,75.19085487077535,30.439767779390426,63.836693548387096,26.181818181818183,2.4093959731543624
2021-12-31,0.8126430976430976,26.126506024096383,34.755892255892256,62.40160642570281,34.84234234234234,63.42655935613682,27.96901408450704,2.2070175438596493
