fecha,RH,TMP,WDR,WSP
2022-01-01,44.80836236933798,15.316545454545455,174.009765625,1.45859375
2022-01-02,47.47038327526133,14.371272727272729,190.49049429657796,2.20893536121673
2022-01-03,61.131768953068594,13.24754716981132,171.86166007905138,1.6630434782608696
2022-01-04,49.40642722117202,14.986534653465348,159.28309572301427,1.285743380855397
2022-01-05,42.85428051001821,15.608,156.11809523809524,1.4590476190476191
2022-01-06,48.82962962962963,15.497674418604651,171.984496124031,1.6296511627906978
2022-01-07,48.05882352941177,14.675099601593626,187.6322067594433,1.4675944333996025
2022-01-08,48.84317343173432,14.263899613899614,182.996138996139,1.835135135135135
2022-01-09,47.24682395644283,14.467741935483872,181.6628787878788,1.980492424242424
2022-01-10,57.69147005444646,12.610626185958257,210.70018975332067,2.88292220113852
2022-01-11,62.72452830188679,11.536614173228347,248.25494071146244,2.21205533596838
2022-01-12,55.91984732824427,12.5968,188.425572519084,1.8051526717557247
2022-01-13,48.020872865275145,13.086679920477136,202.6875,1.802840909090909
2022-01-14,44.36692015209125,13.564342629482072,183.68441064638785,1.5899239543726236
2022-01-15,48.657088122605366,13.640963855421688,188.68007662835248,1.8528735632183908
2022-01-16,68.10789980732177,11.519191919191918,180.2170542635659,1.7017441860465117
2022-01-17,61.208333333333336,13.016875,188.42261904761904,1.7188492063492062
2022-01-18,54.20039682539682,13.406041666666669,186.093253968254,1.379563492063492
2022-01-19,48.935483870967744,14.580715705765408,167.4819734345351,1.5144212523719165
2022-01-20,45.19886363636363,14.885515873015873,177.4659090909091,1.724242424242424
2022-01-21,54.86015325670498,14.38734939759036,171.04397705544932,2.703824091778203
2022-01-22,51.51901140684411,14.587450199203188,163.27566539923956,1.9403041825095055
2022-01-23,56.18026565464896,14.078330019880717,159.5673624288425,1.816318785578748
2022-01-24,51.45351043643264,14.762823061630218,185.82163187855787,2.818785578747628
2022-01-25,48.3415559772296,15.081908548707752,200.06451612903223,2.217267552182163
2022-01-26,49.979553903345725,14.977281553398058,168.77237354085602,2.010311284046693
2022-01-27,50.61627906976744,15.986083499005964,163.60851926977688,1.708316430020284
2022-01-28,54.34195933456562,14.60361216730038,177.07070707070707,2.3163636363636364
2022-01-29,54.756805807622506,13.626565464895636,188.0992063492064,2.010515873015873
2022-01-30,50.77049180327869,15.187809523809523,162.04780876494024,1.6181274900398406
2022-01-31,46.69573283858998,15.865142857142857,217.05219206680584,2.275365344467641
2022-02-01,40.90114068441065,15.758555133079849,184.05857740585773,2.1485355648535567
2022-02-02,46.00570342205323,15.751520912547528,160.67265469061877,2.3800399201596805
2022-02-03,43.820952380952384,16.05542857142857,159.7325349301397,2.2964071856287425
2022-02-04,41.525454545454544,15.960181818181818,176.55179282868525,2.20398406374502
2022-02-05,54.944954128440365,13.38954128440367,164.00603621730383,1.876861167002012
2022-02-06,53.18265682656826,14.420848708487084,182.97410358565736,1.6270916334661354
2022-02-07,59.70802919708029,13.318430656934307,181.2977099236641,1.9026717557251909
2022-02-08,63.09090909090909,12.152272727272727,182.35686274509803,2.221764705882353
2022-02-09,53.40036563071298,12.851553930530164,162.03041825095056,2.072053231939164
2022-02-10,44.37887067395264,13.174863387978142,168.15458015267177,2.696946564885496
2022-02-11,35.907272727272726,13.514909090909091,184.22709163346613,2.893426294820717
2022-02-12,31.89233576642336,14.158941605839416,194.368,2.1316
2022-02-13,57.04347826086956,12.41213768115942,228.2142857142857,2.3190476190476192
2022-02-14,59.79818181818182,12.664181818181818,170.21912350597609,1.7065737051792829
2022-02-15,56.5910780669145,14.852044609665429,191.71632653061224,1.760612244897959
2022-02-16,44.036964980544745,17.000389105058368,184.7803837953092,1.9298507462686567
2022-02-17,36.666,17.166067864271458,178.0971302428256,1.8445916114790288
2022-02-18,38.49593495934959,17.59491869918699,169.74887892376682,1.9295964125560536
2022-02-19,43.83499005964215,16.994234592445327,161.39340659340658,2.137802197802198
2022-02-20,47.98170731707317,16.527235772357724,148.99775280898876,1.8002247191011236
2022-02-21,36.08958333333333,18.185,160.38815789473685,1.8265350877192983
2022-02-22,31.56746031746032,18.25575396825397,180.7645833333333,1.7466666666666666
2022-02-23,32.843629343629345,19.036882129277565,186.5347912524851,1.9803180914512923
2022-02-24,31.72,17.39618181818182,147.7495256166983,1.9550284629981023
2022-02-25,38.8731884057971,16.859601449275363,172.25757575757575,2.1918560606060606
2022-02-26,46.3418647166362,16.53308957952468,181.7695238095238,2.1516190476190475
2022-02-27,30.98909090909091,16.484727272727273,208.1520912547529,2.343916349809886
2022-02-28,38.98007246376812,14.51268115942029,171.3219696969697,2.275378787878788
2022-03-01,28.391621129326047,15.61581818181818,174.77566539923956,2.018441064638784
2022-03-02,27.565693430656932,16.43436928702011,174.9236641221374,1.901526717557252
2022-03-03,34.66243194192378,16.949146110056926,155.94307400379506,2.084440227703985
2022-03-04,36.58540925266904,17.098698884758363,171.57620817843866,2.037360594795539
2022-03-05,39.9038112522686,17.64819734345351,175.81404174573055,2.0721062618595827
2022-03-06,40.589090909090906,18.057794676806083,167.5475285171103,1.9281368821292773
2022-03-07,39.46503496503497,18.66058394160584,185.03467153284672,2.0425182481751825
2022-03-08,41.875451263537904,18.1,176.70404411764707,3.114705882352941
2022-03-09,30.22909090909091,18.45874524714829,175.90363636363637,3.217090909090909
2022-03-10,30.2663139329806,18.313443830570904,179.57243816254416,3.34452296819788
2022-03-11,26.245,18.763715277777777,188.515625,2.7029513888888888
2022-03-12,43.80944350758853,15.524956063268894,203.9157894736842,2.824736842105263
2022-03-13,45.696666666666665,16.091493055555556,140.20833333333334,2.273784722222222
2022-03-14,44.43071786310517,18.125739130434784,167.1520979020979,2.048076923076923
2022-03-15,57.28308207705193,15.811692844677138,207.4225865209472,2.1207650273224044
2022-03-16,57.080133555926544,15.614608695652176,155.65154264972776,1.8756805807622503
2022-03-17,48.54333333333334,17.265451388888888,187.8514492753623,2.348913043478261
2022-03-18,40.051926298157454,18.20959860383944,180.34181818181816,2.2505454545454544
2022-03-19,50.85834738617201,17.385413005272408,174.41608391608392,2.386188811188811
2022-03-20,48.545909849749584,17.784173913043478,173.38086956521738,1.955478260869565
2022-03-21,35.79666666666667,19.25815972222222,189.33333333333331,2.523784722222222
2022-03-22,29.502504173622704,18.48608695652174,195.94608695652173,2.343826086956522
2022-03-23,25.687290969899667,18.19303135888502,200.93761140819964,2.9010695187165774
2022-03-24,28.92833333333333,17.277951388888887,185.768115942029,2.546376811594203
2022-03-25,34.112262521588946,15.469675090252707,175.81611208406304,2.221891418563923
2022-03-26,30.97222222222222,15.957427536231885,156.29513888888889,2.173611111111111
2022-03-27,24.50347222222222,16.70905797101449,163.86805555555554,1.9013888888888888
2022-03-28,24.97556719022688,18.135701275045538,163.6282722513089,1.9799301919720769
2022-03-29,28.314035087719297,19.644322344322344,174.00526315789477,2.258421052631579
2022-03-30,22.50970017636684,20.994843462246777,192.0194003527337,2.6333333333333333
2022-03-31,20.94589877835951,20.54754098360656,173.0174825174825,2.653496503496504
2022-04-01,27.13006756756757,20.436443661971836,172.53547297297297,2.5638513513513512
2022-04-02,26.38294314381271,20.84843205574913,171.39865996649917,1.8814070351758796
2022-04-03,31.308747855917662,20.42415026833632,166.69296740994855,2.0982847341337907
2022-04-04,29.874791318864773,20.27808695652174,176.39732888146912,2.8220367278798
2022-04-05,26.81618887015177,20.3207381370826,176.8181818181818,2.7594276094276093
2022-04-06,26.483164983164983,20.40561403508772,169.76166666666666,1.9995
2022-04-07,39.31103678929766,18.31378708551484,201.2173913043478,2.846989966555184
2022-04-08,63.951096121416526,14.139015817223198,187.7676767676768,1.9234006734006732
2022-04-09,61.93311036789298,15.112717770034845,180.1233333333333,2.011833333333333
2022-04-10,55.08862876254181,16.866086956521738,178.8380634390651,2.1030050083472456
2022-04-11,47.59861591695502,18.662454873646208,184.38368055555557,2.024652777777778
2022-04-12,44.1493848857645,20.10733944954129,185.8062827225131,2.255322862129145
2022-04-13,38.274193548387096,20.215111940298502,171.37979094076655,1.9832752613240416
2022-04-14,40.62214411247803,20.692660550458715,177.67775831873905,2.00122591943958
2022-04-15,43.60173913043478,21.32776769509982,162.38541666666666,2.1362847222222223
2022-04-16,35.61631944444444,22.28967391304348,169.43031358885017,2.1515679442508717
2022-04-17,25.49305555555556,22.48641304347826,165.86805555555554,2.169791666666667
2022-04-18,32.26655052264808,20.960727272727272,171.06608695652173,2.4589565217391303
2022-04-19,53.015306122448976,18.758938053097346,181.08163265306123,2.5465986394557825
2022-04-20,48.12351945854484,18.748741007194244,186.1020066889632,2.358862876254181
2022-04-21,47.96113074204947,19.08783783783784,158.1336717428088,2.4707275803722504
2022-04-22,57.1787072243346,17.15460251046025,190.4036363636364,2.569454545454545
2022-04-23,48.00952380952381,18.819077568134173,153.98909090909092,2.2307272727272727
2022-04-24,49.252851711026615,18.62217573221757,171.58595194085026,2.422550831792976
2022-04-25,47.84280303030303,18.34375,170.39382940108894,1.9656987295825767
2022-04-26,54.14503816793893,16.125420168067226,179.81238615664844,2.774499089253188
2022-04-27,56.638623326959845,15.88396624472574,197.5912408759124,2.3711678832116787
2022-04-28,54.72296015180266,17.366388308977037,182.5018115942029,1.9960144927536232
2022-04-29,52.00192307692308,18.558686440677967,160.99449541284403,1.9385321100917432
2022-04-30,43.93041749502982,19.815384615384616,176.8041825095057,2.0368821292775667
2022-05-01,40.203947368421055,20.380392156862744,180.6208333333333,2.175
2022-05-02,35.34315789473684,20.744262295081967,173.41683366733466,2.0781563126252505
2022-05-03,30.793168880455408,21.36054279749478,170.6152450090744,1.9219600725952808
2022-05-04,32.57326007326007,21.4626,182.66058394160584,1.961496350364964
2022-05-05,32.973958333333336,21.55227272727273,163.0871080139373,2.0447735191637637
2022-05-06,43.43572621035059,20.579506641366223,176.87833333333333,2.482833333333333
2022-05-07,44.327181208053695,20.6706106870229,191.9748322147651,2.173825503355705
2022-05-08,40.306666666666665,21.31477272727273,171.68833333333333,2.220833333333333
2022-05-09,37.143572621035055,21.721062618595827,171.805,2.200833333333333
2022-05-10,31.444816053511705,21.64429657794677,145.15112540192925,2.9516077170418007
2022-05-11,47.94295302013423,18.482912621359223,179.58937198067633,3.561513687600644
2022-05-12,42.73789649415693,18.42537878787879,202.27287319422152,2.74446227929374
2022-05-13,36.13613445378152,19.80325047801147,165.89549839228297,2.382154340836013
2022-05-14,29.172529313232832,20.115209125475285,149.44533762057878,2.437942122186495
2022-05-15,28.44270833333333,20.01212121212121,179.2929292929293,2.636363636363636
2022-05-16,26.350604490500864,19.299619047619046,186.4468438538206,2.350996677740864
2022-05-17,29.69115191986645,20.14212523719165,177.3961038961039,2.152435064935065
2022-05-18,30.33728813559322,20.71100386100386,159.41530944625407,2.2335504885993487
2022-05-19,32.33722871452421,21.55559772296015,170.87319422150884,2.412359550561798
2022-05-20,36.14354838709677,21.58721374045801,160.4741935483871,2.2804838709677417
2022-05-21,29.850722311396467,22.713662239089185,183.26129032258063,2.198225806451613
2022-05-22,42.58223684210526,19.93723196881092,155.0,2.173355263157895
2022-05-23,57.28428093645485,17.50418326693227,185.945,2.2916666666666665
2022-05-24,54.74478330658106,17.69867172675522,186.5080128205128,2.03125
2022-05-25,43.91666666666666,19.82708333333333,187.63942307692307,2.565384615384616
2022-05-26,43.38942307692308,20.048295454545453,179.90064102564102,2.9990384615384613
2022-05-27,41.87034035656402,19.3978886756238,172.97730956239872,3.8648298217179904
2022-05-28,44.52403846153846,18.86590909090909,183.81570512820517,2.6961538461538463
2022-05-29,45.23076923076923,19.596212121212123,175.39583333333334,2.3650641025641024
2022-05-30,43.223491027732464,20.642471042471044,143.8961038961039,2.5592532467532467
2022-05-31,43.40487804878049,19.102312138728323,169.62019230769232,2.4059294871794874
2022-06-01,53.61740558292282,17.996303501945526,176.01803278688524,2.789344262295082
2022-06-02,51.59766277128548,18.024055666003974,163.17333333333335,2.8886666666666665
2022-06-03,46.15966386554622,19.208747514910534,177.2141652613828,2.591568296795953
2022-06-04,44.70166666666667,19.40833333333333,161.345,2.3938333333333333
2022-06-05,41.53833333333333,20.50555555555556,151.27833333333334,2.356333333333333
2022-06-06,31.273789649415694,20.70954274353877,169.47833333333332,2.6678333333333333
2022-06-07,38.709949409780776,19.99145129224652,163.04873949579832,2.1961344537815126
2022-06-08,54.02750809061489,19.232730923694778,155.80452342487882,2.188691437802908
2022-06-09,65.1603305785124,17.33938144329897,192.0148514851485,2.1775577557755774
2022-06-10,61.74092409240925,17.56779324055666,174.0691927512356,2.059308072487644
2022-06-11,55.58361204013378,18.561155378486056,145.185618729097,2.022742474916388
2022-06-12,51.26833333333333,17.745436507936507,151.71,2.3673333333333333
2022-06-13,53.69349315068493,17.377125506072876,168.98070175438596,2.199298245614035
2022-06-14,69.43980738362761,16.87876984126984,193.84521739130437,1.9518260869565216
2022-06-15,68.54263565891473,17.23833017077799,193.62771285475796,2.2110183639399
2022-06-16,58.917956656346746,16.91509090909091,187.16333333333333,2.3846666666666665
2022-06-17,61.77006172839506,16.446557971014492,195.1202003338898,2.199499165275459
2022-06-18,62.26780185758514,17.145471014492752,196.75833333333333,2.124
2022-06-19,64.79289026275116,16.651361161524502,242.04,2.3688333333333333
2022-06-20,58.10956790123457,16.6375,221.765,2.7505
2022-06-21,75.16666666666667,15.81268115942029,232.18402777777777,2.895833333333333
2022-06-22,71.11059190031153,15.6508166969147,180.0609756097561,2.495644599303136
2022-06-23,58.0,16.99472727272727,200.8017391304348,2.396521739130435
2022-06-24,61.14903846153846,17.054528985507247,173.51215277777777,2.14375
2022-06-25,66.26171243941842,16.455210237659962,167.74475524475525,1.7756993006993007
2022-06-26,63.32211538461539,16.911775362318842,173.76736111111111,2.076909722222222
2022-06-27,63.484751203852326,16.98366606170599,202.03304347826088,2.3688695652173912
2022-06-28,71.78802588996764,16.303649635036496,215.42142857142855,1.8830357142857144
2022-06-29,59.22347266881029,17.67909090909091,206.7554347826087,2.401086956521739
2022-06-30,54.54166666666666,18.80163043478261,190.53985507246375,2.171376811594203
2022-07-01,62.892857142857146,18.407622504537205,162.92691622103388,1.826916221033868
2022-07-02,61.205,18.942934782608692,189.168880455408,2.0757115749525616
2022-07-03,55.33387358184765,19.73641304347826,199.8165137614679,2.335596330275229
2022-07-04,57.02724358974359,18.443840579710145,177.3894927536232,2.503079710144928
2022-07-05,63.30668841761827,17.97011070110701,171.690036900369,1.9621771217712176
2022-07-06,61.23873121869783,17.95909090909091,210.62049335863375,2.0990512333965845
2022-07-07,63.73489932885906,17.648473282442747,197.5152671755725,2.0001908396946564
2022-07-08,61.94965277777778,18.514880952380956,204.4623015873016,2.0424603174603173
2022-07-09,61.362369337979096,18.279482071713147,227.10358565737053,2.3294820717131475
2022-07-10,57.553228621291446,18.742115768463076,175.99401197604791,2.0013972055888223
2022-07-11,61.56597222222222,18.45793650793651,164.675,1.9802083333333331
2022-07-12,53.22569444444444,18.929583333333333,162.72025052192066,2.046346555323591
2022-07-13,60.47377049180328,18.061632653061224,148.50396825396825,2.113690476190476
2022-07-14,65.88764044943821,17.063817097415505,169.49801587301587,2.0307539682539684
2022-07-15,70.13483146067416,16.819085487077533,197.43538767395623,1.820079522862823
2022-07-16,68.10897435897436,17.356349206349208,160.8829365079365,1.9875
2022-07-17,65.63141025641026,17.15277777777778,165.85714285714286,1.9686507936507935
2022-07-18,68.63621794871794,16.465873015873015,208.09638554216863,1.422289156626506
2022-07-19,60.38263665594855,18.28406374501992,166.38095238095238,1.7386904761904762
2022-07-20,48.79837398373984,20.40523138832998,184.676,1.9924
2022-07-21,40.78802588996764,20.111708253358927,184.6686746987952,2.2847389558232933
2022-07-22,52.125418060200666,18.81451612903226,174.6490486257928,2.1545454545454548
2022-07-23,60.355,17.440625,199.030701754386,2.298026315789474
2022-07-24,69.92,16.72375,186.7032967032967,1.9738461538461536
2022-07-25,65.78631051752922,17.354791666666667,193.05494505494505,1.9824175824175825
2022-07-26,58.3873121869783,18.38131212723658,155.57620041753654,2.1281837160751564
2022-07-27,70.25628140703517,16.090219560878243,194.7020833333333,1.9197916666666663
2022-07-28,70.59159663865546,15.9687374749499,152.32751937984497,1.706782945736434
2022-07-29,75.54666666666667,15.742261904761904,179.84280303030303,1.5125
2022-07-30,59.6371237458194,17.237051792828684,202.4236363636364,2.461818181818182
2022-07-31,59.84307178631052,17.429423459244532,191.8423913043478,2.4692028985507246
2022-08-01,65.44333333333333,16.50873015873016,209.9782608695652,2.083695652173913
2022-08-02,67.75885328836425,16.79959758551308,213.5100917431193,1.662935779816514
2022-08-03,59.89315525876461,18.07117296222664,165.48275862068965,1.873502722323049
2022-08-04,60.67779632721202,17.816898608349902,179.54083484573502,1.7954627949183304
2022-08-05,54.02881355932203,17.78421052631579,155.02767527675277,2.3306273062730627
2022-08-06,57.57,17.603174603174605,201.17028985507247,2.260144927536232
2022-08-07,64.77683134582624,16.8506958250497,220.15063520871144,2.221597096188748
2022-08-08,68.93825042881646,16.07936507936508,213.88971962616824,2.243364485981308
2022-08-09,70.0304114490161,16.31581108829569,179.626953125,1.903125
2022-08-10,61.901996370235935,17.53152400835073,189.52788844621517,1.8430278884462152
2022-08-11,58.53901996370236,18.17620041753653,191.32604373757457,2.295825049701789
2022-08-12,65.87638376383764,17.538723404255318,199.6214574898785,1.8939271255060728
2022-08-13,69.9491833030853,17.384968684759915,148.1610337972167,1.6715705765407556
2022-08-14,65.8713768115942,17.23,135.25,2.102579365079365
2022-08-15,70.43144424131627,16.785146443514645,152.82504970178925,1.8846918489065607
2022-08-16,72.29241877256318,16.359958506224068,157.6600790513834,1.7177865612648222
2022-08-17,64.39931740614334,17.4568093385214,157.5532319391635,1.7663498098859316
2022-08-18,68.79932546374367,16.3657196969697,190.10507246376807,1.931521739130435
2022-08-19,64.76648841354724,16.572340425531916,171.2970479704797,1.483210332103321
2022-08-20,66.43560606060606,16.924166666666668,154.50189393939394,2.2125
2022-08-21,68.36931818181819,17.249583333333334,164.6875,1.5651515151515152
2022-08-22,62.861480075901326,17.26617954070981,153.0853889943074,1.8208728652751425
2022-08-23,58.93461538461538,17.702118644067795,136.0730769230769,2.4067307692307693
2022-08-24,61.47227533460803,17.543396226415094,165.11238095238096,1.928
2022-08-25,56.92633517495396,18.279768786127168,182.9558011049724,2.5465930018416207
2022-08-26,63.79930191972077,16.887431693989072,189.0644599303136,1.957317073170732
2022-08-27,64.41052631578947,17.360766423357664,174.71803852889667,1.7915936952714535
2022-08-28,70.27127659574468,17.702757352941177,166.9612676056338,1.86056338028169
2022-08-29,67.15734265734265,17.616240875912407,154.1849912739965,1.905235602094241
2022-08-30,66.03664921465969,17.953551912568305,156.02792321116928,1.9656195462478183
2022-08-31,65.5418118466899,18.428073394495414,181.32804232804236,1.9042328042328045
2022-09-01,60.47368421052632,18.298192771084334,197.34615384615384,2.5904761904761906
2022-09-02,61.52292020373515,18.034274193548388,186.82024432809771,3.050261780104712
2022-09-03,65.42976588628763,17.038140417457306,183.20385232744783,3.344943820224719
2022-09-04,64.41708542713567,17.094411177644712,201.1258064516129,2.573709677419355
2022-09-05,68.53898305084746,17.071862348178136,138.56188925081435,2.845928338762215
2022-09-06,72.77166666666666,16.256349206349206,181.34935897435895,1.6455128205128204
2022-09-07,74.21660649819495,16.39256360078278,195.52224052718287,1.746293245469522
2022-09-08,70.76223776223776,16.586742424242424,229.2964743589744,2.381089743589744
2022-09-09,55.32888146911519,17.578039927404717,187.26893353941267,1.8418856259659968
2022-09-10,54.61936560934892,17.853804347826088,156.4404945904173,2.103245749613601
2022-09-11,54.96494156928214,17.82831215970962,207.43827160493828,2.7637345679012344
2022-09-12,59.565,16.75199275362319,222.40895061728395,2.824074074074074
2022-09-13,62.558292282430216,16.958467023172904,163.3791469194313,2.4139020537124805
2022-09-14,62.56,16.741145833333334,187.6794871794872,2.519070512820513
2022-09-15,64.17898193760263,16.75,198.93375394321765,2.5850157728706624
2022-09-16,68.15210355987055,16.564141414141414,217.8177570093458,2.461370716510904
2022-09-17,68.94788273615636,16.58779661016949,229.1347962382445,2.025078369905956
2022-09-18,76.52411575562701,16.414046822742474,191.7248840803709,1.6386398763523955
2022-09-19,74.37326388888889,16.14020979020979,219.33762057877811,1.9284565916398717
2022-09-20,62.98655462184874,16.614382402707275,215.5629860031104,2.6253499222395025
2022-09-21,58.712351945854486,16.750252100840335,200.3166144200627,2.68448275862069
2022-09-22,57.57679180887372,16.796245733788396,177.5738993710692,3.032861635220126
2022-09-23,62.43728813559322,16.58949152542373,227.67084639498432,2.5197492163009403
2022-09-24,70.45469798657719,16.556711409395973,197.8027950310559,1.7267080745341614
2022-09-25,69.58333333333333,16.646833333333333,189.49382716049385,1.830864197530864
2022-09-26,65.12080536912751,16.229026845637584,198.08527131782947,3.01968992248062
2022-09-27,66.56632653061224,14.95408163265306,257.1883830455259,2.81585557299843
2022-09-28,67.50699300699301,15.192832167832169,256.9483870967742,3.234193548387097
2022-09-29,60.02966841186736,14.37085514834206,201.6988727858293,3.0104669887278583
2022-09-30,57.60069444444444,14.696180555555555,207.0448717948718,2.351602564102564
2022-10-01,55.48426573426573,15.451607142857142,192.01151315789477,2.0078947368421054
2022-10-02,54.76173913043478,15.898911070780398,177.21035058430718,1.9679465776293823
2022-10-03,56.36805555555556,15.853985507246376,178.89333333333337,2.0463333333333336
2022-10-04,64.80173913043478,15.373865698729585,170.47245409015025,1.8118530884808013
2022-10-05,71.46875,15.378985507246377,173.285,1.5566666666666666
2022-10-06,73.60070052539405,15.605978260869565,228.87646076794655,2.012854757929883
2022-10-07,65.90782608695652,15.950434782608696,220.87660256410257,2.1625
2022-10-08,68.63020833333333,14.836805555555555,264.3349358974359,2.9975961538461537
2022-10-09,71.898756660746,14.319893428063944,276.14402618657937,2.725368248772504
2022-10-10,64.2663043478261,14.894927536231885,249.555,2.617
2022-10-11,65.19115044247788,16.017168141592922,271.5350734094617,2.1825448613376834
2022-10-12,58.93739130434783,17.654561717352415,209.6516853932584,2.3059390048154094
2022-10-13,52.19965277777778,17.365760869565218,203.97115384615384,2.118589743589744
2022-10-14,53.994773519163765,16.82021857923497,188.7266881028939,1.917524115755627
2022-10-15,54.97560975609756,17.841471571906354,182.65217391304347,1.896779388083736
2022-10-16,59.46006944444444,18.060666666666663,167.79326923076923,1.75
2022-10-17,64.37632508833923,18.307679180887373,164.5295081967213,1.7040983606557376
2022-10-18,76.873046875,15.217537313432835,203.19107142857143,2.028035714285714
2022-10-19,69.58928571428571,13.46344696969697,258.51630434782606,2.9356884057971016
2022-10-20,63.14936247723133,14.80371747211896,167.24242424242425,1.6387205387205388
2022-10-21,61.63568773234201,16.219844357976655,191.81090289608176,1.4459965928449745
2022-10-22,63.77717391304348,17.392803030303032,170.19198664440734,1.5363939899833057
2022-10-23,61.71014492753624,19.172348484848484,178.84666666666666,1.5568333333333333
2022-10-24,59.06923076923077,20.05722772277228,176.94965277777777,1.5432291666666669
2022-10-25,59.44927536231884,18.918115942028987,193.01388888888889,1.7305555555555556
2022-10-26,59.23003802281369,19.13003802281369,175.01043478260868,1.5347826086956522
2022-10-27,63.17110266159696,18.364516129032257,181.89217391304348,1.6566956521739131
2022-10-28,58.60721062618596,19.028462998102466,163.28,1.6135652173913044
2022-10-29,60.38358778625954,18.25973282442748,208.36888111888112,2.0003496503496505
2022-10-30,58.129277566539926,18.482889733840302,185.1951219512195,1.720383275261324
2022-10-31,58.82732447817837,17.25294117647059,165.05565217391305,1.816521739130435
2022-11-01,57.95066413662239,17.39316888045541,199.56521739130437,2.066434782608696
2022-11-02,55.333333333333336,16.590579710144926,229.95166666666665,2.1061666666666667
2022-11-03,57.17967332123412,16.603811252268603,157.03166666666667,1.4225
2022-11-04,59.396975425330815,16.973156899810963,210.181660899654,1.6908304498269895
2022-11-05,57.009469696969695,17.168939393939393,185.421875,1.390625
2022-11-06,48.83556405353728,17.41551724137931,193.2140350877193,1.66140350877193
2022-11-07,39.61931818181818,16.42689393939394,212.39409722222223,2.262326388888889
2022-11-08,50.918406072106265,15.678747628083492,206.61805555555557,2.653298611111111
2022-11-09,56.90185185185185,15.03875968992248,196.5,1.873936170212766
2022-11-10,51.94097222222222,15.915398550724635,176.23833333333334,1.6858333333333333
2022-11-11,53.38111888111888,16.278832116788323,148.13400335008376,1.7350083752093803
2022-11-12,60.5036231884058,16.584280303030305,183.54340277777777,1.6425347222222222
2022-11-13,61.66424682395644,16.375475285171103,154.82086956521738,1.7257391304347829
2022-11-14,53.762340036563074,16.98718929254302,159.01923076923077,1.7062937062937062
2022-11-15,51.12565445026178,16.74681238615665,179.44221105527637,1.7830820770519262
2022-11-16,57.29340277777778,15.56322463768116,184.43666666666667,1.7286666666666666
2022-11-17,62.48181818181818,14.99296577946768,177.97212543554008,1.8353658536585369
2022-11-18,61.45739130434782,15.555797101449276,196.1393728222997,1.768118466898955
2022-11-19,63.295138888888886,15.05072463768116,177.78993055555554,1.5442708333333333
2022-11-20,71.37152777777777,12.96213768115942,228.27256944444449,1.7602430555555555
2022-11-21,69.5191637630662,14.125272727272728,221.4128919860627,1.6142857142857143
2022-11-22,67.96695652173914,14.776225045372051,205.50173611111111,1.4204861111111111
2022-11-23,63.45993031358885,15.565398550724638,172.85391304347826,1.5140869565217392
2022-11-24,60.69565217391305,15.579854809437387,171.10608695652175,1.3714782608695653
2022-11-25,57.26166666666666,15.992210144927537,163.60333333333332,2.0241666666666664
2022-11-26,55.72909698996656,16.608363636363638,167.87312186978298,1.9151919866444076
2022-11-27,58.111666666666665,15.678804347826087,177.79666666666665,1.5215
2022-11-28,60.652754590984976,15.38820326678766,167.47833333333332,1.5081666666666669
2022-11-29,60.52667814113597,15.189868667917448,160.87607573149742,1.30447504302926
2022-11-30,52.2020202020202,16.546886446886447,186.3691275167785,2.702181208053691
2022-12-01,60.62040133779264,14.602363636363636,212.29264214046825,2.2887959866220737
2022-12-02,62.08460236886633,14.558195211786373,162.6789297658863,1.6795986622073578
2022-12-03,65.30102040816327,14.632407407407408,171.09682804674458,2.2342237061769614
2022-12-04,52.37166666666667,13.534057971014493,232.36666666666667,1.9293333333333331
2022-12-05,53.13846153846154,14.257434944237918,155.30598290598292,1.4678632478632478
2022-12-06,46.91943957968476,15.27036328871893,169.99161073825502,1.4588926174496644
2022-12-07,34.93739130434783,15.148863636363636,184.82666666666665,1.8738333333333328
2022-12-08,44.33797909407666,12.833840304182509,158.33779264214047,1.6745819397993311
2022-12-09,59.61371237458194,12.896370235934665,164.3322632423756,1.5746388443017656
2022-12-10,53.07833333333333,13.996920289855073,171.91826923076923,1.5197115384615385
2022-12-11,44.587646076794655,14.449546279491832,184.5473515248796,1.6186195826645264
2022-12-12,47.74702886247878,13.696798493408664,165.76345840130506,1.4939641109298532
2022-12-13,53.49829351535836,14.141634980988592,167.5091819699499,1.9898163606010015
2022-12-14,48.30602006688963,14.334345351043645,157.01505016722408,1.8073578595317723
2022-12-15,49.52931323283082,14.175449101796406,143.37353433835847,1.8855946398659968
2022-12-16,48.10932475884244,14.438022813688214,139.80837359098228,1.6563607085346217
2022-12-17,47.13204508856683,14.676380952380953,156.7938808373591,1.666988727858293
2022-12-18,53.51125401929261,14.143920145190563,158.82797427652733,1.5138263665594855
2022-12-19,48.92598684210526,14.364738805970148,151.21875,1.434375
2022-12-20,52.85689948892674,13.283300970873787,181.36631944444449,1.9364583333333332
2022-12-21,57.11631944444444,12.393439363817098,135.45391304347825,1.7507826086956522
2022-12-22,53.10367892976589,14.766730038022814,165.01,1.432
2022-12-23,56.425709515859765,13.902083333333334,193.79131886477464,2.0876460767946576
2022-12-24,65.51672240802675,12.033079847908745,157.59698996655518,1.5127090301003343
2022-12-25,79.42229729729729,9.86451612903226,185.0617696160267,1.5998330550918196
2022-12-26,68.06024096385542,10.39639468690702,152.48333333333332,1.4905
2022-12-27,56.00500834724541,11.286717267552184,194.52166666666668,1.64
2022-12-28,52.763422818791945,11.809695817490494,164.04173622704508,2.005008347245409
2022-12-29,54.98160535117057,11.790304182509503,161.91471571906354,2.0285953177257525
2022-12-30,55.4457429048414,12.827893738140418,171.75304347826088,1.8803478260869568
2022-12-31,60.70333333333333,13.894896030245746,145.61458333333334,1.9855902777777776
